model,price,other,mark,group
트랜센드 DDR4-3200 CL22,"32,130",8.0,3200,ram
트랜센드 DDR4-3200 CL22,"62,580",16.0,3200,ram
트랜센드 DDR4-3200 CL22,"124,120",32.0,3200,ram
PATRIOT DDR4-3600 CL18 VIPER RGB 패키지,"103,900",16.0,3600,ram
PATRIOT DDR4-3600 CL18 VIPER RGB 패키지,"189,000",32.0,3600,ram
ADATA XPG DDR4-3200 CL16 SPECTRIX D50 RGB 화이트 패키지,"187,000",32.0,3200,ram
ADATA XPG DDR4-3200 CL16 SPECTRIX D50 RGB 화이트 패키지,"98,190",16.0,3200,ram
삼성전자 DDR4-2933,"130,000",32.0,2933,ram
삼성전자 DDR4-2933,"40,700",8.0,2933,ram
삼성전자 DDR4-2933,"67,800",16.0,2933,ram
TeamGroup T-Force DDR4-3200 CL14 XTREEM ARGB 패키지,"211,500",16.0,3200,ram
TeamGroup T-Force DDR4-3200 CL14 XTREEM ARGB 패키지,"312,000",32.0,3200,ram
PATRIOT DDR4-3200 CL16 VIPER RGB 패키지,"95,600",16.0,3200,ram
PATRIOT DDR4-3200 CL16 VIPER RGB 패키지,"158,900",32.0,3200,ram
TeamGroup T-Force DDR4-3600 CL14 XTREEM ARGB 패키지,"251,000",16.0,3600,ram
TeamGroup T-Force DDR4-3600 CL14 XTREEM ARGB 패키지,"341,000",32.0,3600,ram
ESSENCORE KLEVV DDR4-3600 CL18 BOLT XR,"84,000",16.0,3600,ram
ESSENCORE KLEVV DDR4-3600 CL18 BOLT XR,"46,000",8.0,3600,ram
PATRIOT DDR4-3600 CL18 VIPER STEEL,"161,000",32.0,3600,ram
PATRIOT DDR4-3600 CL18 VIPER STEEL,"83,900",16.0,3600,ram
ESSENCORE KLEVV DDR4-3600 CL18 CRAS XR RGB,"59,100",8.0,3600,ram
ESSENCORE KLEVV DDR4-3600 CL18 CRAS XR RGB,"108,100",16.0,3600,ram
ADATA DDR4-3200 CL22,"33,380",8.0,3200,ram
ADATA DDR4-3200 CL22,"73,610",16.0,3200,ram
ADATA DDR4-3200 CL22,"166,600",32.0,3200,ram
ESSENCORE KLEVV DDR4-3600 CL18 BOLT XR 패키지,"216,000",32.0,3600,ram
ESSENCORE KLEVV DDR4-3600 CL18 BOLT XR 패키지,"108,000",16.0,3600,ram
TeamGroup T-Force DDR4-3600 CL18 Delta RGB 패키지 가넷,"102,000",16.0,3600,ram
TeamGroup T-Force DDR4-3600 CL18 Delta RGB 패키지 가넷,"185,000",32.0,3600,ram
TeamGroup T-Force DDR4-3600 CL18 Delta RGB 화이트 패키지 가넷,"185,000",32.0,3600,ram
TeamGroup T-Force DDR4-3600 CL18 Delta RGB 화이트 패키지 가넷,"102,000",16.0,3600,ram
ESSENCORE KLEVV DDR4-3200 CL22,"61,000",16.0,3200,ram
ESSENCORE KLEVV DDR4-3200 CL22,"31,920",8.0,3200,ram
삼성전자 DDR4-3200,"32,200",8.0,3200,ram
삼성전자 DDR4-3200,"137,800",32.0,3200,ram
삼성전자 DDR4-3200,"66,600",16.0,3200,ram
어드반 DDR4-2666,"16,910",4.0,2666,ram
어드반 DDR4-2666,"61,060",8.0,2666,ram
어드반 DDR4-2666,"56,340",16.0,2666,ram
PNY DDR4-2666 Performance,"38,240",8.0,2666,ram
PNY DDR4-2666 Performance,"66,000",16.0,2666,ram
TeamGroup T-Force DDR4-3200 CL16 Vulcan Z Gray,"80,900",16.0,3200,ram
TeamGroup T-Force DDR4-3200 CL16 Vulcan Z Gray,"43,400",8.0,3200,ram
TeamGroup T-Force DDR4-3200 CL16 Vulcan Z Gray,"142,000",32.0,3200,ram
CORSAIR DDR4-3200 CL16 Dominator Platinum RGB WHITE 패키지,"254,000",32.0,3200,ram
CORSAIR DDR4-3200 CL16 Dominator Platinum RGB WHITE 패키지,"488,000",64.0,3200,ram
CORSAIR DDR4-3200 CL16 Dominator Platinum RGB WHITE 패키지,"172,000",16.0,3200,ram
CORSAIR DDR4-3600 CL18 Dominator Platinum RGB WHITE 패키지,"425,000",32.0,3600,ram
CORSAIR DDR4-3600 CL18 Dominator Platinum RGB WHITE 패키지,"897,000",64.0,3600,ram
CORSAIR DDR4-3600 CL18 Dominator Platinum RGB WHITE 패키지,"222,000",16.0,3600,ram
PNY XLR8 DDR4-3200 Gaming,"86,100",16.0,3200,ram
PNY XLR8 DDR4-3200 Gaming,"45,200",8.0,3200,ram
TeamGroup T-Force DDR4-3200 CL16 Vulcan Z Red,"142,000",32.0,3200,ram
TeamGroup T-Force DDR4-3200 CL16 Vulcan Z Red,"43,400",8.0,3200,ram
TeamGroup T-Force DDR4-3200 CL16 Vulcan Z Red,"77,000",16.0,3200,ram
CORSAIR DDR4-3200 CL16 Dominator Platinum RGB WHITE INTEL 패키지,"326,000",32.0,3200,ram
CORSAIR DDR4-3200 CL16 Dominator Platinum RGB WHITE INTEL 패키지,"175,000",16.0,3200,ram
PATRIOT DDR4-3200 CL22 SIGNATURE,"31,600",8.0,3200,ram
PATRIOT DDR4-3200 CL22 SIGNATURE,"61,500",16.0,3200,ram
PNY XLR8 DDR4-3200 Gaming 패키지,"90,300",16.0,3200,ram
PNY XLR8 DDR4-3200 Gaming 패키지,"171,700",32.0,3200,ram
G.SKILL DDR4-3600 CL18 TRIDENT Z NEO 패키지,"146,000",16.0,3600,ram
G.SKILL DDR4-3600 CL18 TRIDENT Z NEO 패키지,"454,600",64.0,3600,ram
G.SKILL DDR4-3600 CL18 TRIDENT Z NEO 패키지,"243,500",32.0,3600,ram
G.SKILL DDR4-3600 CL19 SNIPER X SXWB 패키지,"199,000",32.0,3600,ram
G.SKILL DDR4-3600 CL19 SNIPER X SXWB 패키지,"103,900",16.0,3600,ram
TeamGroup T-Force DDR4-3200 CL16 DARK Z RED 패키지,"136,800",32.0,3200,ram
TeamGroup T-Force DDR4-3200 CL16 DARK Z RED 패키지,"81,800",16.0,3200,ram
TeamGroup T-Force DDR4-3200 CL16 DARK Z RED 패키지,"265,900",64.0,3200,ram
트랜센드 DDR4-2666,"18,260",4.0,2666,ram
트랜센드 DDR4-2666,"30,400",8.0,2666,ram
트랜센드 DDR4-2666,"57,100",16.0,2666,ram
G.SKILL DDR4-3600 CL18 TRIDENT Z ROYAL 실버 패키지,"530,600",64.0,3600,ram
G.SKILL DDR4-3600 CL18 TRIDENT Z ROYAL 실버 패키지,"188,000",16.0,3600,ram
G.SKILL DDR4-3600 CL18 TRIDENT Z ROYAL 실버 패키지,"302,800",32.0,3600,ram
G.SKILL DDR4-3600 CL18 TRIDENT Z ROYAL 골드 패키지,"535,500",64.0,3600,ram
G.SKILL DDR4-3600 CL18 TRIDENT Z ROYAL 골드 패키지,"188,000",16.0,3600,ram
G.SKILL DDR4-3600 CL18 TRIDENT Z ROYAL 골드 패키지,"302,900",32.0,3600,ram
G.SKILL DDR4-3600 CL14 TRIDENT Z NEO NB 패키지,"593,000",32.0,3600,ram
G.SKILL DDR4-3600 CL14 TRIDENT Z NEO NB 패키지,"292,200",16.0,3600,ram
G.SKILL DDR4-3200 CL14 FLARE X 블랙 DUAL 패키지,"160,500",16.0,3200,ram
G.SKILL DDR4-3200 CL14 FLARE X 블랙 DUAL 패키지,"301,000",32.0,3200,ram
G.SKILL DDR4-3600 CL19 SNIPER X SXKB 패키지,"199,000",32.0,3600,ram
G.SKILL DDR4-3600 CL19 SNIPER X SXKB 패키지,"103,900",16.0,3600,ram
TeamGroup T-Force DDR4-3200 CL16 DARK Z GREY 패키지,"136,800",32.0,3200,ram
TeamGroup T-Force DDR4-3200 CL16 DARK Z GREY 패키지,"81,800",16.0,3200,ram
TeamGroup T-Force DDR4-3200 CL16 DARK Z GREY 패키지,"265,900",64.0,3200,ram
G.SKILL DDR4-3600 CL18 TRIDENT Z RGB 패키지,"240,300",32.0,3600,ram
G.SKILL DDR4-3600 CL18 TRIDENT Z RGB 패키지,"141,900",16.0,3600,ram
G.SKILL DDR4-3600 CL18 TRIDENT Z RGB 패키지,"455,000",64.0,3600,ram
GeIL DDR4-3200 CL16 EVO X II AMD Gray RGB 패키지,"169,700",32.0,3200,ram
GeIL DDR4-3200 CL16 EVO X II AMD Gray RGB 패키지,"84,700",16.0,3200,ram
GeIL DDR4-3200 CL16 EVO X II AMD Gray RGB 패키지,"379,000",64.0,3200,ram
GeIL DDR4-3600 CL18 EVO X II AMD Gray RGB 패키지,"107,000",16.0,3600,ram
GeIL DDR4-3600 CL18 EVO X II AMD Gray RGB 패키지,"414,900",64.0,3600,ram
GeIL DDR4-3200 CL22 EVO X II AMD Gray RGB,"77,800",16.0,3200,ram
GeIL DDR4-3200 CL22 EVO X II AMD Gray RGB,"41,700",8.0,3200,ram
GeIL DDR4-3200 CL22 SUPER LUCE RGB Sync 화이트,"78,500",16.0,3200,ram
GeIL DDR4-3200 CL22 SUPER LUCE RGB Sync 화이트,"41,000",8.0,3200,ram
GeIL DDR4-3200 CL22 SUPER LUCE RGB Sync 블랙,"78,700",16.0,3200,ram
GeIL DDR4-3200 CL22 SUPER LUCE RGB Sync 블랙,"41,100",8.0,3200,ram
TeamGroup T-Force DDR4-3600 CL18 Delta RGB 패키지 서린,"178,900",32.0,3600,ram
TeamGroup T-Force DDR4-3600 CL18 Delta RGB 패키지 서린,"100,900",16.0,3600,ram
TeamGroup T-Force DDR4-3600 CL18 Delta RGB 화이트 패키지 서린,"100,900",16.0,3600,ram
TeamGroup T-Force DDR4-3600 CL18 Delta RGB 화이트 패키지 서린,"179,800",32.0,3600,ram
ESSENCORE KLEVV DDR4-3600 CL18 BOLT X 패키지,"155,000",32.0,3600,ram
ESSENCORE KLEVV DDR4-3600 CL18 BOLT X 패키지,"81,300",16.0,3600,ram
ESSENCORE KLEVV DDR4-3600 CL18 BOLT X,"42,400",8.0,3600,ram
ESSENCORE KLEVV DDR4-3600 CL18 BOLT X,"81,700",16.0,3600,ram
ESSENCORE KLEVV DDR4-3200 CL16 BOLT X,"34,400",8.0,3200,ram
ESSENCORE KLEVV DDR4-3200 CL16 BOLT X,"67,700",16.0,3200,ram
ESSENCORE KLEVV DDR4-3200 CL16 CRAS X RGB,"82,700",16.0,3200,ram
ESSENCORE KLEVV DDR4-3200 CL16 CRAS X RGB,"42,400",8.0,3200,ram
PATRIOT DDR4-3200 CL16 VIPER STEEL,"79,300",16.0,3200,ram
PATRIOT DDR4-3200 CL16 VIPER STEEL,"41,900",8.0,3200,ram
PATRIOT DDR4-3200 CL16 VIPER STEEL,"151,000",32.0,3200,ram
ESSENCORE KLEVV DDR4-3200 CL16 BOLT X 패키지,"130,400",32.0,3200,ram
ESSENCORE KLEVV DDR4-3200 CL16 BOLT X 패키지,"67,700",16.0,3200,ram
ESSENCORE KLEVV DDR4-3600 CL18 CRAS X RGB 패키지,"179,000",32.0,3600,ram
ESSENCORE KLEVV DDR4-3600 CL18 CRAS X RGB 패키지,"101,000",16.0,3600,ram
Terabyte Ramonster DDR4-3200,"36,420",8.0,3200,ram
Terabyte Ramonster DDR4-3200,"73,620",16.0,3200,ram
GeIL DDR4-3200 CL22 EVO SPEAR,"34,000",8.0,3200,ram
GeIL DDR4-3200 CL22 EVO SPEAR,"65,800",16.0,3200,ram
TeamGroup DDR4-2666 Elite,"24,000",4.0,2666,ram
TeamGroup DDR4-2666 Elite,"30,400",8.0,2666,ram
TeamGroup DDR4-2666 Elite,"132,000",32.0,2666,ram
TeamGroup T-Force DDR4-2666 CL16 Delta RGB 화이트 패키지 가넷,"86,000",16.0,2666,ram
TeamGroup T-Force DDR4-2666 CL16 Delta RGB 화이트 패키지 가넷,"188,000",32.0,2666,ram
TeamGroup T-Force DDR4-2666 CL16 Delta RGB 패키지 가넷,"188,000",32.0,2666,ram
TeamGroup T-Force DDR4-2666 CL16 Delta RGB 패키지 가넷,"97,000",16.0,2666,ram
TeamGroup DDR4-3200 Elite,"30,800",8.0,3200,ram
TeamGroup DDR4-3200 Elite,"61,300",16.0,3200,ram
TeamGroup DDR4-3200 Elite,"125,500",32.0,3200,ram
GeIL DDR4-3200 CL22 PRISTINE,"61,900",16.0,3200,ram
GeIL DDR4-3200 CL22 PRISTINE,"32,300",8.0,3200,ram
킹스톤 DDR4-3200,"53,500",8.0,3200,ram
킹스톤 DDR4-3200,"104,500",16.0,3200,ram
CYNEX DDR4-2666 CL19 엠트란,"65,610",16.0,2666,ram
CYNEX DDR4-2666 CL19 엠트란,"37,030",8.0,2666,ram
이메이션 DDR4-3200 CL22,"32,800",8.0,3200,ram
이메이션 DDR4-3200 CL22,"60,100",16.0,3200,ram
CYNEX DDR4-2666 CL19,"32,000",8.0,2666,ram
CYNEX DDR4-2666 CL19,"60,250",16.0,2666,ram
G.SKILL DDR4-3200 CL16 TRIDENT Z NEO 패키지,"416,500",64.0,3200,ram
G.SKILL DDR4-3200 CL16 TRIDENT Z NEO 패키지,"276,300",32.0,3200,ram
G.SKILL DDR4-3200 CL16 TRIDENT Z NEO 패키지,"834,000",28.0,3200,ram
G.SKILL DDR4-3200 CL16 TRIDENT Z ROYAL 실버 패키지,"949,500",28.0,3200,ram
G.SKILL DDR4-3200 CL16 TRIDENT Z ROYAL 실버 패키지,"324,200",32.0,3200,ram
G.SKILL DDR4-3200 CL16 TRIDENT Z ROYAL 실버 패키지,"471,000",64.0,3200,ram
G.SKILL DDR4-3200 CL16 TRIDENT Z ROYAL 골드 패키지,"955,300",28.0,3200,ram
G.SKILL DDR4-3200 CL16 TRIDENT Z ROYAL 골드 패키지,"491,200",64.0,3200,ram
G.SKILL DDR4-3200 CL16 TRIDENT Z ROYAL 골드 패키지,"471,000",64.0,3200,ram
마이크론 Crucial DDR4-3200 CL22,"31,400",8.0,3200,ram
마이크론 Crucial DDR4-3200 CL22,"59,900",16.0,3200,ram
TeamGroup T-Force DDR4-3600 CL18 DARK Z Alpha 패키지,"86,900",16.0,3600,ram
TeamGroup T-Force DDR4-3600 CL18 DARK Z Alpha 패키지,"177,420",32.0,3600,ram
TeamGroup T-Force DDR4-3600 CL18 DARK Z RED 패키지,"84,900",16.0,3600,ram
TeamGroup T-Force DDR4-3600 CL18 DARK Z RED 패키지,"155,500",32.0,3600,ram
TeamGroup T-Force DDR4-3200 CL16 DARK Z Alpha 패키지,"141,000",32.0,3200,ram
TeamGroup T-Force DDR4-3200 CL16 DARK Z Alpha 패키지,"83,700",16.0,3200,ram
TeamGroup T-Force DDR4-3600 CL18 DARK Z GREY 패키지,"155,700",32.0,3600,ram
TeamGroup T-Force DDR4-3600 CL18 DARK Z GREY 패키지,"84,900",16.0,3600,ram
마이크론 Crucial DDR4-2666 CL19,"31,500",8.0,2666,ram
마이크론 Crucial DDR4-2666 CL19,"77,300",16.0,2666,ram
G.SKILL DDR4-3200 CL16 RIPJAWS V VK 패키지,"714,400",28.0,3200,ram
G.SKILL DDR4-3200 CL16 RIPJAWS V VK 패키지,"122,000",16.0,3200,ram
G.SKILL DDR4-3200 CL16 RIPJAWS V VK 패키지,"356,300",64.0,3200,ram
G.SKILL DDR4-3200 CL16 RIPJAWS V VK,"94,000",16.0,3200,ram
G.SKILL DDR4-3200 CL16 RIPJAWS V VK,"179,500",32.0,3200,ram
G.SKILL DDR4-3200 CL16 TRIDENT Z RGB 패키지,"440,400",64.0,3200,ram
G.SKILL DDR4-3200 CL16 TRIDENT Z RGB 패키지,"267,400",32.0,3200,ram
G.SKILL DDR4-3200 CL16 TRIDENT Z RGB 패키지,"216,200",32.0,3200,ram
실리콘파워 DDR4-3200 CL16 Xpower Turbine RGB 패키지,"244,990",32.0,3200,ram
실리콘파워 DDR4-3200 CL16 Xpower Turbine RGB 패키지,"125,990",16.0,3200,ram
ADATA XPG DDR4-3200 CL16 SPECTRIX D60G RGB 패키지,"115,000",16.0,3200,ram
ADATA XPG DDR4-3200 CL16 SPECTRIX D60G RGB 패키지,"249,000",32.0,3200,ram
GeIL DDR4-3000 CL16 EVO X II AMD Gray RGB 패키지,"172,100",32.0,3000,ram
GeIL DDR4-3000 CL16 EVO X II AMD Gray RGB 패키지,"221,250",16.0,3000,ram
G.SKILL DDR4-3600 CL16 TRIDENT Z NEO 패키지,"218,900",16.0,3600,ram
G.SKILL DDR4-3600 CL16 TRIDENT Z NEO 패키지,"378,000",32.0,3600,ram
G.SKILL DDR4-3600 CL16 TRIDENT Z NEO 패키지,"442,900",32.0,3600,ram
G.SKILL DDR4-3000 CL16 TRIDENT Z NEO 패키지,"190,000",16.0,3000,ram
G.SKILL DDR4-3000 CL16 TRIDENT Z NEO 패키지,"230,000",32.0,3000,ram
G.SKILL DDR4-3600 CL14 TRIDENT Z NEO 패키지,"1,123,660",32.0,3600,ram
G.SKILL DDR4-3600 CL14 TRIDENT Z NEO 패키지,"996,800",16.0,3600,ram
G.SKILL DDR4-3600 CL16 TRIDENT Z ROYAL C 실버 패키지,"339,900",32.0,3600,ram
G.SKILL DDR4-3600 CL16 TRIDENT Z ROYAL C 실버 패키지,"216,300",16.0,3600,ram
G.SKILL DDR4-3600 CL16 TRIDENT Z ROYAL C 실버 패키지,"431,300",32.0,3600,ram
G.SKILL DDR4-3600 CL16 TRIDENT Z ROYAL C 골드 패키지,"433,000",32.0,3600,ram
G.SKILL DDR4-3600 CL16 TRIDENT Z ROYAL C 골드 패키지,"349,870",32.0,3600,ram
G.SKILL DDR4-3600 CL16 TRIDENT Z ROYAL C 골드 패키지,"216,100",16.0,3600,ram
G.SKILL DDR4-3200 CL16 AEGIS,"70,300",16.0,3200,ram
G.SKILL DDR4-3200 CL16 AEGIS,"36,300",8.0,3200,ram
G.SKILL DDR4-3600 CL16 TRIDENT Z NEO C 패키지,"169,900",16.0,3600,ram
G.SKILL DDR4-3600 CL16 TRIDENT Z NEO C 패키지,"280,000",32.0,3600,ram
G.SKILL DDR4-3600 CL16 TRIDENT Z NEO C 패키지,"345,000",32.0,3600,ram
G.SKILL DDR4-3200 CL14 TRIDENT Z NEO 패키지,"378,000",32.0,3200,ram
G.SKILL DDR4-3200 CL14 TRIDENT Z NEO 패키지,"216,200",16.0,3200,ram
G.SKILL DDR4-3200 CL14 TRIDENT Z NEO 패키지,"472,100",32.0,3200,ram
GeIL DDR4-2666 CL19 EVO X II AMD Gray RGB 패키지,"109,800",16.0,2666,ram
GeIL DDR4-2666 CL19 EVO X II AMD Gray RGB 패키지,"268,000",32.0,2666,ram
ESSENCORE KLEVV DDR4-2666 CL19,"53,300",16.0,2666,ram
ESSENCORE KLEVV DDR4-2666 CL19,"28,700",8.0,2666,ram
ESSENCORE KLEVV DDR4-2666 CL19,"16,500",4.0,2666,ram
ESSENCORE KLEVV DDR4-3200 CL16 CRAS X RGB 패키지,"86,000",16.0,3200,ram
ESSENCORE KLEVV DDR4-3200 CL16 CRAS X RGB 패키지,"150,200",32.0,3200,ram
디자인 코끼리 DDR4-2666 CL19,"33,840",8.0,2666,ram
디자인 코끼리 DDR4-2666 CL19,"70,460",16.0,2666,ram
TeamGroup T-Force DDR4-3000 CL16 Vulcan Z Gray,"39,000",4.0,3000,ram
TeamGroup T-Force DDR4-3000 CL16 Vulcan Z Gray,"77,260",8.0,3000,ram
삼성전자 DDR4-2666,"18,100",4.0,2666,ram
삼성전자 DDR4-2666,"31,000",8.0,2666,ram
삼성전자 DDR4-2666,"112,700",32.0,2666,ram
TeamGroup T-Force DDR4-2666 CL18 Vulcan Z Gray,"43,500",8.0,2666,ram
TeamGroup T-Force DDR4-2666 CL18 Vulcan Z Gray,"29,480",4.0,2666,ram
TeamGroup T-Force DDR4-2666 CL18 Vulcan Z Red,"43,500",8.0,2666,ram
TeamGroup T-Force DDR4-2666 CL18 Vulcan Z Red,"29,430",4.0,2666,ram
PATRIOT DDR4-2666 CL19 SIGNATURE,"17,200",4.0,2666,ram
PATRIOT DDR4-2666 CL19 SIGNATURE,"30,360",8.0,2666,ram
PATRIOT DDR4-2666 CL19 SIGNATURE,"57,200",16.0,2666,ram
TeamGroup T-Force DDR4-2666 CL18 T1 GAMING,"40,190",8.0,2666,ram
TeamGroup T-Force DDR4-2666 CL18 T1 GAMING,"21,420",4.0,2666,ram
GeIL DDR4-2666 CL19 SUPER LUCE RGB Sync 화이트,"44,000",8.0,2666,ram
GeIL DDR4-2666 CL19 SUPER LUCE RGB Sync 화이트,"85,300",16.0,2666,ram
GeIL DDR4-2666 CL19 SUPER LUCE RGB Sync 블랙,"44,000",8.0,2666,ram
GeIL DDR4-2666 CL19 SUPER LUCE RGB Sync 블랙,"85,300",16.0,2666,ram
삼성전자 DDR4-2666 중고,"63,810",16.0,2666,ram
삼성전자 DDR4-2666 중고,"35,090",8.0,2666,ram
이메이션 DDR4-2666 Black Edition,"63,100",8.0,2666,ram
이메이션 DDR4-2666 Black Edition,"123,720",16.0,2666,ram
삼성전자 DDR4-2133 중고,"30,700",8.0,2133,ram
삼성전자 DDR4-2133 중고,"15,570",4.0,2133,ram
G.SKILL DDR4-4000 CL17 TRIDENT Z ROYAL 골드 패키지,"672,600",32.0,4000,ram
G.SKILL DDR4-4000 CL17 TRIDENT Z ROYAL 골드 패키지,"340,700",16.0,4000,ram
PATRIOT DDR4-3000 CL16 VIPER STEEL,"79,000",16.0,3000,ram
PATRIOT DDR4-3000 CL16 VIPER STEEL,"39,900",8.0,3000,ram
이메이션 DDR4-2666,"17,120",4.0,2666,ram
이메이션 DDR4-2666,"28,600",8.0,2666,ram
이메이션 DDR4-2666,"53,900",16.0,2666,ram
G.SKILL DDR4-3200 CL14 TRIDENT Z ROYAL 골드 패키지,"519,000",32.0,3200,ram
G.SKILL DDR4-3200 CL14 TRIDENT Z ROYAL 골드 패키지,"425,000",32.0,3200,ram
G.SKILL DDR4-3200 CL14 TRIDENT Z ROYAL 골드 패키지,"905,000",64.0,3200,ram
G.SKILL DDR4-3200 CL14 TRIDENT Z ROYAL 실버 패키지,"435,000",32.0,3200,ram
G.SKILL DDR4-3200 CL14 TRIDENT Z ROYAL 실버 패키지,"519,000",32.0,3200,ram
G.SKILL DDR4-3200 CL14 TRIDENT Z ROYAL 실버 패키지,"1,925,000",28.0,3200,ram
CORSAIR DDR4-3200 CL16 Dominator Platinum RGB 패키지,"254,000",32.0,3200,ram
CORSAIR DDR4-3200 CL16 Dominator Platinum RGB 패키지,"488,000",64.0,3200,ram
써멀테이크 DDR4-3200 CL16 WaterRam RGB 패키지,"368,000",16.0,3200,ram
써멀테이크 DDR4-3200 CL16 WaterRam RGB 패키지,"586,950",32.0,3200,ram
TeamGroup T-Force DDR4-2666 CL15 Delta RGB 화이트 가넷,"137,190",16.0,2666,ram
TeamGroup T-Force DDR4-2666 CL15 Delta RGB 화이트 가넷,"130,000",8.0,2666,ram
TeamGroup T-Force DDR4-3200 CL16 Delta TUF Gaming RGB 패키지 가넷,"115,000",16.0,3200,ram
TeamGroup T-Force DDR4-3200 CL16 Delta TUF Gaming RGB 패키지 가넷,"215,000",32.0,3200,ram
G.SKILL DDR4-4000 CL17 TRIDENT Z ROYAL 실버 패키지,"339,900",16.0,4000,ram
G.SKILL DDR4-4000 CL17 TRIDENT Z ROYAL 실버 패키지,"669,900",32.0,4000,ram
CORSAIR DDR4-3000 CL15 Dominator Platinum RGB 패키지,"156,000",16.0,3000,ram
CORSAIR DDR4-3000 CL15 Dominator Platinum RGB 패키지,"497,000",64.0,3000,ram
CORSAIR DDR4-3000 CL15 Dominator Platinum RGB 패키지,"242,000",32.0,3000,ram
TeamGroup T-Force DDR4-2933 CL16 Delta TUF Gaming RGB 패키지 서린,"104,300",16.0,2933,ram
TeamGroup T-Force DDR4-2933 CL16 Delta TUF Gaming RGB 패키지 서린,"203,390",32.0,2933,ram
TeamGroup T-Force DDR4-2666 CL15 Delta RGB 서린,"49,000",8.0,2666,ram
TeamGroup T-Force DDR4-2666 CL15 Delta RGB 서린,"106,680",16.0,2666,ram
G.SKILL DDR4-3600 CL17 TRIDENT Z ROYAL 실버 패키지,"223,200",16.0,3600,ram
G.SKILL DDR4-3600 CL17 TRIDENT Z ROYAL 실버 패키지,"454,400",32.0,3600,ram
G.SKILL DDR4-3000 CL16 TRIDENT Z ROYAL 골드 패키지,"170,000",16.0,3000,ram
G.SKILL DDR4-3000 CL16 TRIDENT Z ROYAL 골드 패키지,"428,600",32.0,3000,ram
CORSAIR DDR4-3600 CL18 Dominator Platinum RGB 패키지,"897,000",64.0,3600,ram
CORSAIR DDR4-3600 CL18 Dominator Platinum RGB 패키지,"425,000",32.0,3600,ram
CORSAIR DDR4-3600 CL18 Dominator Platinum RGB 패키지,"222,000",16.0,3600,ram
TeamGroup T-Force DDR4-3200 CL16 Delta TUF Gaming RGB 패키지 서린,"110,200",16.0,3200,ram
TeamGroup T-Force DDR4-3200 CL16 Delta TUF Gaming RGB 패키지 서린,"203,000",32.0,3200,ram
TeamGroup T-Force DDR4-2666 CL15 Delta RGB 화이트 서린,"98,600",16.0,2666,ram
TeamGroup T-Force DDR4-2666 CL15 Delta RGB 화이트 서린,"45,140",8.0,2666,ram
G.SKILL DDR4-3600 CL16 TRIDENT Z ROYAL 실버 패키지,"253,800",16.0,3600,ram
G.SKILL DDR4-3600 CL16 TRIDENT Z ROYAL 실버 패키지,"507,100",32.0,3600,ram
TeamGroup T-Force DDR4-2666 CL18 Delta TUF Gaming RGB 패키지 서린,"104,600",16.0,2666,ram
TeamGroup T-Force DDR4-2666 CL18 Delta TUF Gaming RGB 패키지 서린,"199,200",32.0,2666,ram
CORSAIR DDR4-3200 CL16 Dominator Platinum RGB AMD 패키지,"336,000",32.0,3200,ram
CORSAIR DDR4-3200 CL16 Dominator Platinum RGB AMD 패키지,"172,000",16.0,3200,ram
CORSAIR DDR4-3200 CL16 Dominator Platinum RGB INTEL 패키지,"172,000",16.0,3200,ram
CORSAIR DDR4-3200 CL16 Dominator Platinum RGB INTEL 패키지,"326,000",32.0,3200,ram
GLOWAY DDR4-2666 TYPE-A,"61,360",16.0,2666,ram
GLOWAY DDR4-2666 TYPE-A,"54,990",8.0,2666,ram
G.SKILL DDR4-3000 CL16 TRIDENT Z ROYAL 실버 패키지,"146,020",16.0,3000,ram
G.SKILL DDR4-3000 CL16 TRIDENT Z ROYAL 실버 패키지,"428,600",32.0,3000,ram
킹스톤 DDR4-2666,"44,200",8.0,2666,ram
킹스톤 DDR4-2666,"33,000",4.0,2666,ram
킹스톤 DDR4-2666,"85,000",16.0,2666,ram
V-Color 컬러풀 DDR4-2666,"108,000",8.0,2666,ram
V-Color 컬러풀 DDR4-2666,"133,750",16.0,2666,ram
Terabyte Ramonster DDR4-2666,"57,470",16.0,2666,ram
Terabyte Ramonster DDR4-2666,"28,110",8.0,2666,ram
Terabyte Ramonster DDR4-2666,"18,870",4.0,2666,ram
TeamGroup T-Force DDR4-3200 CL16 Delta RGB 화이트 패키지 가넷,"83,500",16.0,3200,ram
TeamGroup T-Force DDR4-3200 CL16 Delta RGB 화이트 패키지 가넷,"150,000",32.0,3200,ram
TeamGroup T-Force DDR4-3200 CL16 Delta RGB 패키지 가넷,"150,000",32.0,3200,ram
TeamGroup T-Force DDR4-3200 CL16 Delta RGB 패키지 가넷,"83,500",16.0,3200,ram
타무즈 DDR4-2666 CL19,"53,500",16.0,2666,ram
타무즈 DDR4-2666 CL19,"28,590",8.0,2666,ram
타무즈 DDR4-2666 CL19,"18,000",4.0,2666,ram
TeamGroup T-Force DDR4-3200 CL16 Delta RGB 패키지 서린,"84,500",16.0,3200,ram
TeamGroup T-Force DDR4-3200 CL16 Delta RGB 패키지 서린,"150,700",32.0,3200,ram
TeamGroup T-Force DDR4-3200 CL16 Delta RGB 화이트 패키지 서린,"151,000",32.0,3200,ram
TeamGroup T-Force DDR4-3200 CL16 Delta RGB 화이트 패키지 서린,"86,000",16.0,3200,ram
Apacer DDR4-2666 CL16 PANTHER RAGE RGB 골드,"45,890",8.0,2666,ram
Apacer DDR4-2666 CL16 PANTHER RAGE RGB 골드,"89,000",16.0,2666,ram
Apacer DDR4-2666 CL16 PANTHER RAGE RGB 블랙,"45,890",8.0,2666,ram
Apacer DDR4-2666 CL16 PANTHER RAGE RGB 블랙,"89,200",16.0,2666,ram
Terabyte Ramonster DDR4-2400,"19,520",4.0,2400,ram
Terabyte Ramonster DDR4-2400,"41,500",8.0,2400,ram
G.SKILL DDR4-2666 CL19 AEGIS,"31,500",8.0,2666,ram
G.SKILL DDR4-2666 CL19 AEGIS,"60,100",16.0,2666,ram
Apacer DDR4-3200 CL16 PANTHER RAGE RGB 골드 패키지,"201,800",32.0,3200,ram
Apacer DDR4-3200 CL16 PANTHER RAGE RGB 골드 패키지,"101,400",16.0,3200,ram
Apacer DDR4-3200 CL16 PANTHER RAGE RGB 블랙 패키지,"211,800",32.0,3200,ram
Apacer DDR4-3200 CL16 PANTHER RAGE RGB 블랙 패키지,"104,500",16.0,3200,ram
Apacer DDR4-3000 CL16 PANTHER RAGE RGB 블랙 패키지,"191,600",32.0,3000,ram
Apacer DDR4-3000 CL16 PANTHER RAGE RGB 블랙 패키지,"101,000",16.0,3000,ram
ESSENCORE KLEVV DDR4-2666 CL16,"65,220",16.0,2666,ram
ESSENCORE KLEVV DDR4-2666 CL16,"19,380",4.0,2666,ram
CORSAIR DDR4-3200 CL16 VENGEANCE PRO RGB WHITE 패키지,"196,000",32.0,3200,ram
CORSAIR DDR4-3200 CL16 VENGEANCE PRO RGB WHITE 패키지,"1,292,000",64.0,3200,ram
CORSAIR DDR4-3200 CL16 VENGEANCE PRO RGB WHITE 패키지,"438,000",64.0,3200,ram
CORSAIR DDR4-3600 CL18 VENGEANCE PRO RGB BLACK 패키지,"179,000",16.0,3600,ram
CORSAIR DDR4-3600 CL18 VENGEANCE PRO RGB BLACK 패키지,"353,000",32.0,3600,ram
CORSAIR DDR4-3600 CL18 VENGEANCE PRO RGB BLACK 패키지,"856,000",64.0,3600,ram
CORSAIR DDR4-3466 CL16 VENGEANCE PRO RGB WHITE 패키지,"749,000",64.0,3466,ram
CORSAIR DDR4-3466 CL16 VENGEANCE PRO RGB WHITE 패키지,"452,920",32.0,3466,ram
CORSAIR DDR4-2666 CL16 VENGEANCE PRO RGB WHITE 패키지,"430,000",64.0,2666,ram
CORSAIR DDR4-2666 CL16 VENGEANCE PRO RGB WHITE 패키지,"628,000",64.0,2666,ram
CORSAIR DDR4-2666 CL16 VENGEANCE PRO RGB WHITE 패키지,"200,000",32.0,2666,ram
CORSAIR DDR4-3200 CL16 VENGEANCE PRO RGB BLACK 패키지,"723,650",64.0,3200,ram
CORSAIR DDR4-3200 CL16 VENGEANCE PRO RGB BLACK 패키지,"119,000",16.0,3200,ram
CORSAIR DDR4-3200 CL16 VENGEANCE PRO RGB BLACK 패키지,"395,000",64.0,3200,ram
CORSAIR DDR4-3000 CL15 VENGEANCE PRO RGB WHITE 패키지,"506,000",64.0,3000,ram
CORSAIR DDR4-3000 CL15 VENGEANCE PRO RGB WHITE 패키지,"242,000",32.0,3000,ram
CORSAIR DDR4-3000 CL15 VENGEANCE PRO RGB WHITE 패키지,"205,000",32.0,3000,ram
CORSAIR DDR4-3000 CL15 VENGEANCE PRO RGB BLACK 패키지,"622,000",64.0,3000,ram
CORSAIR DDR4-3000 CL15 VENGEANCE PRO RGB BLACK 패키지,"117,900",16.0,3000,ram
CORSAIR DDR4-3000 CL15 VENGEANCE PRO RGB BLACK 패키지,"205,000",32.0,3000,ram
CORSAIR DDR4-3600 CL18 VENGEANCE PRO RGB WHITE 패키지,"1,431,000",64.0,3600,ram
CORSAIR DDR4-3600 CL18 VENGEANCE PRO RGB WHITE 패키지,"353,000",32.0,3600,ram
CORSAIR DDR4-3600 CL18 VENGEANCE PRO RGB WHITE 패키지,"856,000",64.0,3600,ram
CORSAIR DDR4-3466 CL16 VENGEANCE PRO RGB BLACK 패키지,"980,000",64.0,3466,ram
CORSAIR DDR4-3466 CL16 VENGEANCE PRO RGB BLACK 패키지,"749,000",64.0,3466,ram
CORSAIR DDR4-2666 CL16 VENGEANCE PRO RGB BLACK 패키지,"628,000",64.0,2666,ram
CORSAIR DDR4-2666 CL16 VENGEANCE PRO RGB BLACK 패키지,"242,000",32.0,2666,ram
CORSAIR DDR4-2666 CL16 VENGEANCE PRO RGB BLACK 패키지,"200,000",32.0,2666,ram
G.SKILL DDR4-2933 CL14 FLARE X 블랙 DUAL 패키지,"250,000",16.0,2933,ram
G.SKILL DDR4-2933 CL14 FLARE X 블랙 DUAL 패키지,"416,700",32.0,2933,ram
G.SKILL DDR4-3200 CL14 RIPJAWS V VK 패키지,"170,000",16.0,3200,ram
G.SKILL DDR4-3200 CL14 RIPJAWS V VK 패키지,"301,000",32.0,3200,ram
G.SKILL DDR4-3200 CL14 TRIDENT Z 패키지,"330,000",32.0,3200,ram
G.SKILL DDR4-3200 CL14 TRIDENT Z 패키지,"178,600",16.0,3200,ram
G.SKILL DDR4-3200 CL16 TRIDENT Z 패키지,"198,600",32.0,3200,ram
G.SKILL DDR4-3200 CL16 TRIDENT Z 패키지,"825,400",28.0,3200,ram
G.SKILL DDR4-3200 CL15 TRIDENT Z RGB 패키지,"447,000",32.0,3200,ram
G.SKILL DDR4-3200 CL15 TRIDENT Z RGB 패키지,"1,224,400",28.0,3200,ram
G.SKILL DDR4-3600 CL17 TRIDENT Z RGB 패키지,"284,000",32.0,3600,ram
G.SKILL DDR4-3600 CL17 TRIDENT Z RGB 패키지,"179,000",16.0,3600,ram
G.SKILL DDR4-3600 CL17 TRIDENT Z RGB 패키지,"1,224,400",28.0,3600,ram
GeIL DDR4-2666 CL19 PRISTINE,"55,900",16.0,2666,ram
GeIL DDR4-2666 CL19 PRISTINE,"18,270",4.0,2666,ram
GeIL DDR4-2666 CL19 PRISTINE,"31,200",8.0,2666,ram
G.SKILL DDR4-3000 CL16 AEGIS,"70,780",16.0,3000,ram
G.SKILL DDR4-3000 CL16 AEGIS,"34,420",8.0,3000,ram
Antec DDR4-2400 CL17 Series 1,"218,010",16.0,2400,ram
Antec DDR4-2400 CL17 Series 1,"90,630",8.0,2400,ram
Antec DDR4-2400 CL17 Series 1,"55,860",4.0,2400,ram
CORSAIR DDR4-3600 CL18 VENGEANCE RGB 패키지,"1,291,250",64.0,3600,ram
CORSAIR DDR4-3600 CL18 VENGEANCE RGB 패키지,"808,580",32.0,3600,ram
G.SKILL DDR4-3000 CL16 SNIPER X SXW 패키지,"107,000",16.0,3000,ram
G.SKILL DDR4-3000 CL16 SNIPER X SXW 패키지,"156,450",32.0,3000,ram
G.SKILL DDR4-3200 CL16 SNIPER X SXW 패키지,"178,900",32.0,3200,ram
G.SKILL DDR4-3200 CL16 SNIPER X SXW 패키지,"94,000",16.0,3200,ram
G.SKILL DDR4-2400 CL17 SNIPER X SXK 패키지,"230,000",16.0,2400,ram
G.SKILL DDR4-2400 CL17 SNIPER X SXK 패키지,"420,000",32.0,2400,ram
G.SKILL DDR4-2666 CL18 TRIDENT Z RGB 패키지,"113,000",16.0,2666,ram
G.SKILL DDR4-2666 CL18 TRIDENT Z RGB 패키지,"229,600",32.0,2666,ram
G.SKILL DDR4-2400 CL17 SNIPER X SXW 패키지,"238,100",32.0,2400,ram
G.SKILL DDR4-2400 CL17 SNIPER X SXW 패키지,"78,230",16.0,2400,ram
G.SKILL DDR4-3000 CL16 SNIPER X SXK 패키지,"131,000",16.0,3000,ram
G.SKILL DDR4-3000 CL16 SNIPER X SXK 패키지,"190,000",32.0,3000,ram
G.SKILL DDR4-3200 CL16 SNIPER X SXF 패키지,"93,000",16.0,3200,ram
G.SKILL DDR4-3200 CL16 SNIPER X SXF 패키지,"178,100",32.0,3200,ram
G.SKILL DDR4-3200 CL16 SNIPER X SXK 패키지,"93,000",16.0,3200,ram
G.SKILL DDR4-3200 CL16 SNIPER X SXK 패키지,"178,800",32.0,3200,ram
G.SKILL DDR4-3000 CL16 SNIPER X SXF 패키지,"83,440",16.0,3000,ram
G.SKILL DDR4-3000 CL16 SNIPER X SXF 패키지,"360,450",32.0,3000,ram
TeamGroup T-Force DDR4-3000 CL16 Night Hawk RGB 패키지 서린,"163,000",16.0,3000,ram
TeamGroup T-Force DDR4-3000 CL16 Night Hawk RGB 패키지 서린,"280,000",32.0,3000,ram
G.SKILL DDR4-3000 CL14 TRIDENT Z RGB 패키지,"1,285,790",64.0,3000,ram
G.SKILL DDR4-3000 CL14 TRIDENT Z RGB 패키지,"330,000",32.0,3000,ram
G.SKILL DDR4-3000 CL14 TRIDENT Z RGB 패키지,"395,000",32.0,3000,ram
CORSAIR DDR4-3200 CL16 VENGEANCE WHITE RGB 패키지,"616,840",32.0,3200,ram
CORSAIR DDR4-3200 CL16 VENGEANCE WHITE RGB 패키지,"276,420",16.0,3200,ram
CORSAIR DDR4-3200 CL16 VENGEANCE WHITE RGB 패키지,"625,000",32.0,3200,ram
TeamGroup T-Force DDR4-2666 CL15 VULCAN Red,"105,000",8.0,2666,ram
TeamGroup T-Force DDR4-3200 CL16 Night Hawk RGB 화이트 패키지 가넷,"116,000",16.0,3200,ram
TeamGroup T-Force DDR4-3200 CL16 Night Hawk RGB 화이트 패키지 가넷,"191,300",32.0,3200,ram
TeamGroup T-Force DDR4-3200 CL16 Night Hawk RGB 패키지 가넷,"116,000",16.0,3200,ram
TeamGroup T-Force DDR4-3200 CL16 Night Hawk RGB 패키지 가넷,"190,500",32.0,3200,ram
TeamGroup T-Force DDR4-2666 CL15 Delta RGB 화이트 패키지,"101,760",8.0,2666,ram
TeamGroup T-Force DDR4-2666 CL15 Delta RGB 화이트 패키지,"222,320",32.0,2666,ram
TeamGroup T-Force DDR4-3000 CL16 Night Hawk RGB 화이트 패키지 서린,"217,260",16.0,3000,ram
TeamGroup T-Force DDR4-3000 CL16 Night Hawk RGB 화이트 패키지 서린,"280,000",32.0,3000,ram
CORSAIR DDR4-3200 CL16 Dominator Platinum 패키지,"1,399,540",64.0,3200,ram
CORSAIR DDR4-3200 CL16 Dominator Platinum 패키지,"350,000",32.0,3200,ram
CORSAIR DDR4-3200 CL16 Dominator Platinum 패키지,"3,101,840",28.0,3200,ram
TeamGroup T-Force DDR4-3000 CL16 Night Hawk RGB 화이트 패키지 가넷,"114,530",16.0,3000,ram
TeamGroup T-Force DDR4-3000 CL16 Night Hawk RGB 화이트 패키지 가넷,"435,240",32.0,3000,ram
G.SKILL DDR4-3200 CL14 TRIDENT Z RGB 패키지,"367,000",32.0,3200,ram
G.SKILL DDR4-3200 CL14 TRIDENT Z RGB 패키지,"220,000",16.0,3200,ram
G.SKILL DDR4-3200 CL14 TRIDENT Z RGB 패키지,"455,700",32.0,3200,ram
ADATA XPG DDR4-4133 CL19 SPECTRIX D50 RGB 화이트 패키지,"181,000",16.0,4133,ram
PNY XLR8 DDR4-3600 Gaming 패키지,"109,200",16.0,3600,ram
ADATA XPG DDR4-3600 CL18 SPECTRIX D50 RGB 화이트 패키지,"201,000",32.0,3600,ram
ADATA XPG DDR4-3200 CL16 SPECTRIX D50 RGB 화이트,"56,000",8.0,3200,ram
TeamGroup T-Force DDR4-3600 CL18 XTREEM ARGB 패키지,"208,900",32.0,3600,ram
TeamGroup T-Force DDR4-3200 CL16 XTREEM ARGB 패키지,"179,800",32.0,3200,ram
ADATA XPG DDR4-3200 CL16 SPECTRIX D50 RGB,"55,000",8.0,3200,ram
PATRIOT DDR4-4000 CL19 VIPER RGB 패키지,"151,000",16.0,4000,ram
PATRIOT DDR4-3600 CL18 VIPER STEEL 패키지,"85,000",16.0,3600,ram
GIGABYTE AORUS DDR4-4400 CL19 RGB Memory 패키지,"267,000",16.0,4400,ram
Antec DDR4-3600 CL18 KATANA Series 7 RGB 패키지,"142,500",16.0,3600,ram
V-Color DDR4-3200 CL16 PRISM PRO RGB SCC KIT 패키지,"201,310",16.0,3200,ram
트랜센드 DDR4-2666 CL19,"112,200",32.0,2666,ram
V-Color DDR4-3600 CL18 PRISM PRO RGB SCC KIT 패키지,"205,330",16.0,3600,ram
Antec DDR4-3200 CL16 KATANA Series 7 RGB 패키지,"131,000",16.0,3200,ram
GIGABYTE DDR4-3200 CL16 DESIGNARE 패키지,"519,670",64.0,3200,ram
G.SKILL DDR4-4000 CL15 TRIDENT Z ROYAL 실버 패키지,"349,000",16.0,4000,ram
CORSAIR DDR4-3200 CL16 Dominator Platinum RGB WHITE AMD 패키지,"336,000",32.0,3200,ram
TeamGroup T-Force DDR4-3200 CL16 XTREEM ARGB 패키지 가넷,"158,000",16.0,3200,ram
ADATA XPG DDR4-3200 CL16 SPECTRIX D50 RGB 패키지,"93,900",16.0,3200,ram
V-Color DDR4-4133 CL19 PRISM PRO RGB 패키지,"172,000",16.0,4133,ram
V-Color DDR4-3200 CL16 PRISM PRO RGB 패키지,"106,000",16.0,3200,ram
G.SKILL DDR4-4000 CL15 TRIDENT Z ROYAL 골드 패키지,"349,000",16.0,4000,ram
건평정보통신 IPLEX DDR4-2666,"84,500",16.0,2666,ram
OCPC DDR4-3000 CL19 X3TREME RGB AURA 패키지,"84,780",16.0,3000,ram
G.SKILL DDR4-4000 CL15 TRIDENT Z RGB 패키지,"302,000",16.0,4000,ram
TeamGroup T-Force DDR4-3600 CL18 XTREEM ARGB 패키지 가넷,"163,000",16.0,3600,ram
PATRIOT DDR4-2666 CL19 SIGNATURE PREMIUM,"137,500",32.0,2666,ram
갤럭시 HOF OC Lab DDR4-4000 CL19 Arduino RGB 패키지,"273,600",16.0,4000,ram
V-Color DDR4-4000 CL19 PRISM PRO RGB 패키지,"148,000",16.0,4000,ram
갤럭시 HOF OC Lab DDR4-3600 CL17 Arduino RGB 패키지,"267,300",16.0,3600,ram
V-Color DDR4-3600 CL18 PRISM PRO RGB 패키지,"115,000",16.0,3600,ram
G.SKILL DDR4-4000 CL19 TRIDENT Z RGB 패키지,"455,000",32.0,4000,ram
G.SKILL DDR4-4000 CL17 TRIDENT Z RGB 패키지,"291,500",16.0,4000,ram
TeamGroup T-Force DDR4-2666 CL18 Delta RGB 화이트,"178,100",32.0,2666,ram
TeamGroup T-Force DDR4-3200 CL16 Delta RGB,"189,400",32.0,3200,ram
TeamGroup T-Force DDR4-3200 CL16 Delta RGB 화이트 패키지,"378,800",64.0,3200,ram
TeamGroup T-Force DDR4-3200 CL16 Delta RGB 패키지,"378,800",64.0,3200,ram
TeamGroup T-Force DDR4-2666 CL18 Delta RGB,"177,000",32.0,2666,ram
G.SKILL DDR4-3600 CL14 TRIDENT Z ROYAL B 실버 패키지,"311,000",16.0,3600,ram
G.SKILL DDR4-3600 CL14 TRIDENT Z ROYAL B 골드 패키지,"311,000",16.0,3600,ram
TeamGroup T-Force DDR4-3200 CL16 Delta RGB 화이트,"179,280",32.0,3200,ram
TeamGroup T-Force DDR4-3200 CL16 DARK Z GREY,"132,900",32.0,3200,ram
TeamGroup T-Force DDR4-3200 CL16 DARK Z RED,"133,300",32.0,3200,ram
TeamGroup T-Force DDR4-3000 CL16 DARK Z GREY 패키지,"263,400",64.0,3000,ram
마이크론 Crucial Ballistix DDR4-3200 CL16 RGB White 패키지,"85,000",16.0,3200,ram
마이크론 Crucial Ballistix DDR4-3200 CL16 RGB Red 패키지,"89,400",16.0,3200,ram
TeamGroup T-Force DDR4-3000 CL16 DARK Z RED 패키지,"278,000",64.0,3000,ram
마이크론 Crucial Ballistix DDR4-3200 CL16 RGB Black 패키지,"85,000",16.0,3200,ram
갤럭시 HOF OC Lab DDR4-3600 CL17 Aurora RGB 패키지,"270,400",16.0,3600,ram
PATRIOT DDR4-3600 CL17 VIPER STEEL 패키지,"105,000",16.0,3600,ram
갤럭시 HOF OC Lab DDR4-4000 CL19 Aurora RGB 패키지,"278,000",16.0,4000,ram
TeamGroup T-Force DDR4-2666 CL16 DARK Z RED,"81,000",16.0,2666,ram
TeamGroup T-Force DDR4-2666 CL16 DARK Z GREY,"81,000",16.0,2666,ram
V-Color BLACK DDR4-3200,"32,500",8.0,3200,ram
써멀테이크 DDR4-4400 CL19 TOUGHRAM RGB 화이트 패키지,"270,000",16.0,4400,ram
써멀테이크 DDR4-3200 CL16 TOUGHRAM RGB 화이트 패키지,"136,000",16.0,3200,ram
ZADAK DDR4-3600 CL17 MOAB RGB 패키지,"124,000",16.0,3600,ram
써멀테이크 DDR4-3600 CL18 TOUGHRAM Z-ONE RGB 패키지,"143,000",16.0,3600,ram
써멀테이크 DDR4-4000 CL19 TOUGHRAM RGB 화이트 패키지,"187,000",16.0,4000,ram
TeamGroup T-Force DDR4-2666 CL16 Delta RGB 화이트 서린,"45,000",8.0,2666,ram
써멀테이크 DDR4-3200 CL16 TOUGHRAM Z-ONE RGB 패키지,"139,000",16.0,3200,ram
써멀테이크 DDR4-3600 CL18 TOUGHRAM RGB 화이트 패키지,"146,000",16.0,3600,ram
써멀테이크 DDR4-4000 CL19 TOUGHRAM RGB 블랙 패키지,"187,000",16.0,4000,ram
써멀테이크 DDR4-4400 CL19 TOUGHRAM RGB 블랙 패키지,"270,000",16.0,4400,ram
타무즈 DDR4-3200 CL16,"93,180",8.0,3200,ram
TeamGroup T-Force DDR4-2666 CL16 Delta RGB 서린,"45,600",8.0,2666,ram
TeamGroup T-Force DDR4-4000 CL18 XTREEM ARGB 패키지 서린,"179,900",16.0,4000,ram
TeamGroup T-Force DDR4-4000 CL18 DARK Z Alpha 패키지,"339,970",32.0,4000,ram
ZADAK DDR4-3200 CL16 MOAB RGB 패키지,"110,200",16.0,3200,ram
ZADAK DDR4-3200 CL16 SPARK RGB 패키지,"123,600",16.0,3200,ram
타무즈 노트북 DDR4-3200 CL16,"55,800",8.0,3200,ram
TeamGroup T-Force DDR4-2666 CL15 DARK Z RED,"48,000",8.0,2666,ram
TeamGroup T-Force DDR4-2666 CL15 DARK Z GREY,"46,000",8.0,2666,ram
SK하이닉스 DDR4-2666 중고,"55,790",16.0,2666,ram
ZADAK DDR4-3600 CL17 SPARK RGB 패키지,"147,000",16.0,3600,ram
TeamGroup T-Force DDR4-3200 CL16 XTREEM ARGB 패키지 서린,"150,400",16.0,3200,ram
TeamGroup T-Force DDR4-3600 CL18 XTREEM ARGB 패키지 서린,"151,500",16.0,3600,ram
갤럭시 GALAX GAMER 2 DDR4-2666 CL16 RGB 패키지,"95,000",16.0,2666,ram
GIGABYTE AORUS DDR4-3600 CL18 RGB Non Demo kit 패키지,"161,670",16.0,3600,ram
GIGABYTE AORUS DDR4-3600 CL18 RGB with Demo kit 패키지,"185,000",16.0,3600,ram
GIGABYTE AORUS DDR4-3600 CL18 RGB with Demo kit 패키지,"185,000",16.0,3600,ram
GIGABYTE AORUS DDR4-3600 CL18 RGB with Demo kit 패키지,"185,000",16.0,3600,ram
GIGABYTE AORUS DDR4-3600 CL18 RGB with Demo kit 패키지,"185,000",16.0,3600,ram
써멀테이크 DDR4-3200 CL16 TOUGHRAM RGB 블랙 패키지,"133,000",16.0,3200,ram
ZADAK DDR4-4133 CL19 SPARK RGB 패키지,"238,300",16.0,4133,ram
ADATA XPG DDR4-4133 CL19-23-23 SPECTRIX D60G RGB 패키지,"200,000",16.0,4133,ram
실리콘파워 DDR4-3200 CL16 Xpower Turbine RGB,"122,990",16.0,3200,ram
ADATA XPG DDR4-4133 CL19-19-19 SPECTRIX D60G RGB 패키지,"210,000",16.0,4133,ram
디자인 코끼리 DDR4-3000 CL16 RGB 블랙 패키지,"98,030",16.0,3000,ram
디자인 코끼리 DDR4-3000 CL16 RGB 화이트 패키지,"100,580",16.0,3000,ram
디자인 코끼리 DDR4-3200 CL16 RGB 블랙 패키지,"102,200",16.0,3200,ram
디자인 코끼리 DDR4-2666 CL17 RGB 블랙 패키지,"91,890",16.0,2666,ram
디자인 코끼리 DDR4-3200 CL16 RGB 화이트 패키지,"103,950",16.0,3200,ram
GeIL DDR4-3200 CL16 EVO X II ROG RGB 패키지,"130,400",16.0,3200,ram
디자인 코끼리 DDR4-2666 CL17 RGB 화이트 패키지,"91,530",16.0,2666,ram
TeamGroup T-Force DDR4-3000 CL16 Vulcan Z Red,"39,000",4.0,3000,ram
CORSAIR DDR4-3200 CL16 VENGEANCE PRO RGB BLACK AMD 패키지,"258,800",32.0,3200,ram
ADATA XPG DDR4-3600 CL17 SPECTRIX D60G RGB 패키지,"199,700",16.0,3600,ram
GLOWAY DDR4-2666 TYPE-A CL19,"35,990",8.0,2666,ram
TeamGroup T-Force DDR4-2933 CL16 Delta TUF Gaming RGB 패키지 가넷,"180,000",32.0,2933,ram
OCPC DDR4-3600 CL17 X3TREME RGB AURA 패키지,"152,590",16.0,3600,ram
OCPC DDR4-2666 CL19 XTREME,"70,000",16.0,2666,ram
OCPC DDR4-3000 CL16 X3TREME RGB AURA 패키지,"84,780",16.0,3000,ram
갤럭시 GALAX GAMER 2 DDR4-2666 CL16 RGB,"50,000",8.0,2666,ram
GeIL DDR4-3200 CL16 SUPER LUCE RGB Sync TUF 패키지,"107,000",16.0,3200,ram
GeIL DDR4-3200 CL16 EVO SPEAR,"39,700",8.0,3200,ram
GeIL DDR4-3600 CL18 SUPER LUCE RGB Sync 블랙 패키지,"109,600",16.0,3600,ram
GeIL DDR4-3600 CL18 SUPER LUCE RGB Sync 화이트 패키지,"107,000",16.0,3600,ram
G.SKILL DDR4-3000 CL14 TRIDENT Z DC RGB 패키지,"1,991,130",64.0,3000,ram
G.SKILL DDR4-3200 CL14 TRIDENT Z DC RGB 패키지,"1,300,000",64.0,3200,ram
마이크론 DDR4-2400,"49,900",8.0,2400,ram
G.SKILL DDR4-4000 CL19 TRIDENT Z ROYAL 실버 패키지,"520,800",32.0,4000,ram
G.SKILL DDR4-4000 CL19 TRIDENT Z ROYAL 골드 패키지,"526,400",32.0,4000,ram
PATRIOT DDR4-3600 CL17 VIPER RGB 패키지,"212,360",16.0,3600,ram
PATRIOT DDR4-2666 CL15 VIPER RGB 화이트 패키지,"104,050",16.0,2666,ram
PATRIOT DDR4-4133 CL19 VIPER STEEL 패키지,"163,300",16.0,4133,ram
PATRIOT DDR4-3000 CL15 VIPER RGB 패키지,"100,000",16.0,3000,ram
PATRIOT DDR4-4133 CL19 VIPER RGB 패키지,"160,900",16.0,4133,ram
PATRIOT DDR4-3200 CL16 VIPER RGB 화이트 패키지,"96,400",16.0,3200,ram
PATRIOT DDR4-3000 CL15 VIPER RGB 화이트 패키지,"121,990",16.0,3000,ram
PATRIOT DDR4-2666 CL15 VIPER RGB 패키지,"98,000",16.0,2666,ram
PATRIOT DDR4-3866 CL18 VIPER STEEL 패키지,"141,000",16.0,3866,ram
G.SKILL DDR4-4400 CL18 TRIDENT Z ROYAL 골드 패키지,"465,000",16.0,4400,ram
PATRIOT DDR4-4000 CL19 VIPER STEEL 패키지,"144,000",16.0,4000,ram
TeamGroup T-Force DDR4-3600 CL18 XCALIBUR PG RGB 패키지,"145,000",16.0,3600,ram
TeamGroup T-Force DDR4-4000 CL18 XCALIBUR PG RGB 패키지,"174,000",16.0,4000,ram
TeamGroup T-Force DDR4-3200 CL16 XCALIBUR PG RGB 패키지,"132,100",16.0,3200,ram
TeamGroup T-Force DDR4-4500 CL18 XTREEM 블랙 패키지,"326,900",16.0,4500,ram
TeamGroup T-Force DDR4-4133 CL18 XTREEM 실버 패키지,"202,340",16.0,4133,ram
TeamGroup T-Force DDR4-4300 CL18 XTREEM 블랙 패키지,"248,000",16.0,4300,ram
TeamGroup T-Force DDR4-3866 CL18 XTREEM 실버 패키지,"157,920",16.0,3866,ram
INNO3D iChiLL RGB DDR4-3200 DUAL CHANNEL KIT AURA 패키지,"167,100",16.0,3200,ram
TeamGroup T-Force DDR4-4500 CL18 XTREEM 실버 패키지,"325,000",16.0,4500,ram
TeamGroup T-Force DDR4-4300 CL18 XTREEM 실버 패키지,"222,080",16.0,4300,ram
TeamGroup T-Force DDR4-4133 CL18 XTREEM 블랙 패키지,"220,100",16.0,4133,ram
TeamGroup T-Force DDR4-4000 CL18 XTREEM 블랙 패키지,"179,900",16.0,4000,ram
TeamGroup T-Force DDR4-3600 CL18 XTREEM 블랙 패키지,"135,600",16.0,3600,ram
INNO3D iChiLL RGB DDR4-2666 DUAL CHANNEL KIT AURA 패키지,"103,880",16.0,2666,ram
TeamGroup T-Force DDR4-3866 CL18 XTREEM 블랙 패키지,"174,900",16.0,3866,ram
갤럭시 HOF 2 DDR4-4000 CL19 패키지,"418,000",16.0,4000,ram
갤럭시 HOF 2 DDR4-3600 CL17 패키지,"126,650",16.0,3600,ram
INNO3D iChiLL RGB DDR4-3000 DUAL CHANNEL KIT AURA 패키지,"133,000",16.0,3000,ram
TeamGroup T-Force DDR4-2666 CL18 Delta TUF Gaming RGB 패키지 가넷,"92,900",16.0,2666,ram
TeamGroup T-Force DDR4-3200 CL14 Night Hawk Legend RGB 패키지,"197,900",16.0,3200,ram
TeamGroup T-Force DDR4-3466 CL16 Night Hawk Legend RGB 패키지,"170,000",16.0,3466,ram
GIGABYTE AORUS DDR4-3200 CL16 RGB Non Demo kit 패키지,"300,780",16.0,3200,ram
G.SKILL DDR4-4600 CL18 TRIDENT Z ROYAL 실버 패키지,"588,400",16.0,4600,ram
G.SKILL DDR4-4600 CL18 TRIDENT Z ROYAL 골드 패키지,"595,000",16.0,4600,ram
V-Color DDR4-3200 CL16 프리즘 RGB 패키지,"111,500",16.0,3200,ram
G.SKILL DDR4-4266 CL19 TRIDENT Z ROYAL 실버 패키지,"326,300",16.0,4266,ram
G.SKILL DDR4-4266 CL19 TRIDENT Z ROYAL 골드 패키지,"327,300",16.0,4266,ram
G.SKILL DDR4-3600 CL17 TRIDENT Z ROYAL 골드 패키지,"223,200",16.0,3600,ram
G.SKILL DDR4-4400 CL18 TRIDENT Z ROYAL 실버 패키지,"465,000",16.0,4400,ram
GLOWAY DDR4-3000 TYPE-B 패키지,"95,900",16.0,3000,ram
AFOX DDR4-2666 CL19,"29,250",4.0,2666,ram
GeIL DDR4-4133 CL19 SUPER LUCE RGB Sync 블랙 패키지,"176,700",16.0,4133,ram
GeIL DDR4-4133 CL19 SUPER LUCE RGB Sync 화이트 패키지,"176,700",16.0,4133,ram
킹스톤 DDR4-3600 CL17 HyperX PREDATOR RGB 패키지,"247,090",16.0,3600,ram
GLOWAY DDR4-2400 TYPE-A,"3,000,000",8.0,2400,ram
GeIL DDR4-2666 CL19 SUPER LUCE RGB Sync TUF 패키지,"103,000",16.0,2666,ram
GeIL DDR4-3000 CL16 SUPER LUCE RGB Sync TUF 패키지,"88,830",16.0,3000,ram
GIGABYTE AORUS DDR4-3200 CL16 RGB Memory with Demo kit 패키지,"273,100",16.0,3200,ram
Apacer DDR4-3000 CL16 PANTHER RAGE RGB 골드 패키지,"191,600",32.0,3000,ram
CORSAIR DDR4-3200 CL16 VENGEANCE PRO RGB BLACK INTEL 패키지,"196,000",32.0,3200,ram
GeIL DDR4-3000 CL16 SUPER LUCE RGB Sync 블랙 AMD Edition 패키지,"173,000",16.0,3000,ram
GeIL DDR4-2400 CL17 EVO SPEAR,"45,300",8.0,2400,ram
GeIL DDR4-3000 CL16 SUPER LUCE RGB Sync 화이트 AMD Edition 패키지,"128,150",16.0,3000,ram
GeIL DDR4-2666 CL19 EVO SPEAR,"34,000",8.0,2666,ram
GeIL DDR4-2666 CL19 SUPER LUCE RGB Sync 블랙 AMD Edition 패키지,"90,000",16.0,2666,ram
GeIL DDR4-2666 CL19 SUPER LUCE RGB Sync 화이트 AMD Edition 패키지,"89,900",16.0,2666,ram
GeIL DDR4-3000 CL16 EVO SPEAR,"37,300",8.0,3000,ram
GIGABYTE AORUS DDR4-3200 CL16 RGB with Demo kit 패키지,"206,100",16.0,3200,ram
G.SKILL DDR4-2800 CL17 AEGIS,"65,000",8.0,2800,ram
TeamGroup T-Force DDR4-3600 CL18 XCALIBUR RGB 패키지 서린,"130,500",16.0,3600,ram
ADATA XPG DDR4-3200 CL16 SPECTRIX D80 블랙 패키지,"281,000",16.0,3200,ram
TeamGroup T-Force DDR4-3600 CL18 XCALIBUR RGB 패키지 가넷,"130,000",16.0,3600,ram
TeamGroup T-Force DDR4-4000 CL18 XCALIBUR RGB 패키지 서린,"164,900",16.0,4000,ram
킹스톤 DDR4-2933 CL15 HyperX PREDATOR RGB 패키지,"438,000",32.0,2933,ram
갤럭시 HOF Extreme DDR4-4000 CL19 패키지,"320,000",16.0,4000,ram
TeamGroup T-Force DDR4-4000 CL18 XCALIBUR RGB 패키지 가넷,"262,600",16.0,4000,ram
Antec DDR4-2666 CL16 Series 5 RGB 블랙,"130,000",8.0,2666,ram
ADATA XPG DDR4-3200 CL16 SPECTRIX D80 레드,"142,000",8.0,3200,ram
ADATA XPG DDR4-3000 CL16 SPECTRIX D80 레드 패키지,"257,000",16.0,3000,ram
ADATA XPG DDR4-3200 CL16 SPECTRIX D80 레드 패키지,"142,690",16.0,3200,ram
V-Color DDR4-3000 CL15 프리즘 RGB 패키지,"100,500",16.0,3000,ram
Antec DDR4-2400 CL16 Series 5 RGB 블랙,"130,000",8.0,2400,ram
ADATA XPG DDR4-3600 CL17 SPECTRIX D80 레드 패키지,"190,000",16.0,3600,ram
TeamGroup T-Force DDR4-3200 CL16 TUF Gaming 패키지,"234,590",32.0,3200,ram
CORSAIR DDR4-4000 CL19 VENGEANCE PRO RGB BLACK 패키지,"462,000",16.0,4000,ram
ADATA XPG DDR4-3200 CL16 SPECTRIX D41 크림슨 레드 패키지,"120,180",16.0,3200,ram
ADATA XPG DDR4-3600 CL17 SPECTRIX D41 티타늄 그레이 패키지,"284,520",16.0,3600,ram
ADATA XPG DDR4-2666 CL16 SPECTRIX D41 티타늄 그레이 패키지,"231,940",16.0,2666,ram
ADATA XPG DDR4-3200 CL16 SPECTRIX D41 크림슨 레드,"165,000",8.0,3200,ram
ADATA XPG DDR4-3600 CL17 SPECTRIX D41 티타늄 그레이,"141,790",8.0,3600,ram
ADATA XPG DDR4-2666 CL16 SPECTRIX D41 티타늄 그레이,"149,990",8.0,2666,ram
GeIL DDR4-3000 CL15 EVO SPEAR 패키지,"279,100",16.0,3000,ram
ADATA XPG DDR4-3000 CL16 SPECTRIX D41 티타늄 그레이 패키지,"235,690",16.0,3000,ram
ADATA XPG DDR4-3000 CL16 SPECTRIX D41 크림슨 레드,"119,260",8.0,3000,ram
ADATA XPG DDR4-3000 CL16 SPECTRIX D41 티타늄 그레이,"119,260",8.0,3000,ram
마이크론 Crucial Ballistix DDR4-3000 CL16 Tactical Tracer RGB 패키지,"109,520",16.0,3000,ram
ADATA XPG DDR4-3600 CL17 SPECTRIX D41 크림슨 레드 패키지,"284,520",16.0,3600,ram
ADATA XPG DDR4-3000 CL16 SPECTRIX D41 크림슨 레드 패키지,"235,690",16.0,3000,ram
ADATA XPG DDR4-3200 CL16 SPECTRIX D41 티타늄 그레이 패키지,"274,000",16.0,3200,ram
ADATA XPG DDR4-3600 CL17 SPECTRIX D41 크림슨 레드,"185,000",8.0,3600,ram
ADATA XPG DDR4-2666 CL16 SPECTRIX D41 크림슨 레드,"49,000",8.0,2666,ram
ADATA XPG DDR4-3200 CL16 SPECTRIX D41 티타늄 그레이,"170,000",8.0,3200,ram
GeIL DDR4-3200 CL16 EVO SPEAR 패키지,"280,000",16.0,3200,ram
ADATA XPG DDR4-2666 CL16 SPECTRIX D41 크림슨 레드 패키지,"91,000",16.0,2666,ram
G.SKILL DDR4-3600 CL17 TRIDENT ZKK 패키지,"1,015,600",28.0,3600,ram
마이크론 Crucial Ballistix DDR4-2666 CL16 Tactical Tracer RGB 패키지,"129,600",16.0,2666,ram
GeIL DDR4-3000 CL16 PRISTINE,"42,800",8.0,3000,ram
TeamGroup T-Force DDR4-3600 CL18 Night Hawk RGB 화이트 패키지 가넷,"260,000",16.0,3600,ram
TeamGroup T-Force DDR4-4000 CL18 Night Hawk RGB 패키지 서린,"169,900",16.0,4000,ram
TeamGroup T-Force DDR4-3600 CL18 Night Hawk RGB 패키지 서린,"133,500",16.0,3600,ram
TeamGroup T-Force DDR4-3600 CL18 Night Hawk RGB 화이트 패키지 서린,"132,500",16.0,3600,ram
TeamGroup T-Force DDR4-4000 CL18 Night Hawk RGB 화이트 패키지 가넷,"230,000",16.0,4000,ram
TeamGroup T-Force DDR4-3600 CL18 Night Hawk RGB 패키지 가넷,"250,000",16.0,3600,ram
GeIL DDR4-3200 CL16 SUPER LUCE RGB Lite 블랙 패키지,"280,000",16.0,3200,ram
TeamGroup T-Force DDR4-4000 CL18 Night Hawk RGB 화이트 패키지 서린,"169,900",16.0,4000,ram
GeIL DDR4-3200 CL16 SUPER LUCE RGB Sync 화이트 패키지,"81,800",16.0,3200,ram
GeIL DDR4-3200 CL16 SUPER LUCE RGB Sync 블랙 패키지,"84,000",16.0,3200,ram
CORSAIR DDR4-3600 CL18 Dominator Platinum 패키지,"385,000",16.0,3600,ram
G.SKILL DDR4-2666 CL19 NT,"62,950",8.0,2666,ram
TeamGroup T-Force DDR4-2400 CL16 VULCAN Red,"175,000",16.0,2400,ram
TeamGroup T-Force DDR4-2400 CL16 VULCAN Gray,"83,000",8.0,2400,ram
Antec DDR4-2666 CL16 Series 5 Red,"106,920",8.0,2666,ram
Antec DDR4-3000 CL16 Series 5 White,"246,210",16.0,3000,ram
G.SKILL DDR4-3600 CL19 SNIPER X SXW 패키지,"321,500",16.0,3600,ram
Antec DDR4-2400 CL16 Series 5 Red,"240,000",16.0,2400,ram
G.SKILL DDR4-2400 CL17 SNIPER X SXF 패키지,"178,500",16.0,2400,ram
Antec DDR4-2400 CL16 Series 5 White,"103,530",8.0,2400,ram
TeamGroup T-Force DDR4-2666 CL15 VULCAN Gray,"190,000",16.0,2666,ram
