name,G3D_Mark,price,t_class,bus_interface,max_memory_size,core,memory,directx,max_tdp,G3DMark_by_price,tested_date,price_changed
GeForce RTX 3090,24180,"1,599.99*",Desktop,PCIe 4.0 x16,24576,1400 MHz,19500 MHz,DirectX: 12,350 W,15.11,2020-09-18,$1599.99 USD (2020-10-09)
GeForce RTX 3080,23731,849.99*,Desktop,PCIe 4.0 x16,10240,1440 MHz,19000 MHz,DirectX: 12,320 W,27.92,2020-09-17,$849.99 USD (2020-10-06)
GeForce RTX 2080 Ti,21561,999.99,Desktop,PCIe 3.0 x16,11264,1350 MHz,14000 (1750x8) MHz,DirectX: 12,250 W,21.56,2018-09-21,$999.99 USD (2020-10-23)
Quadro RTX 8000,20024,"4,741.49*",Workstation,PCIe 3.0 x16,49152,1395 MHz,1750 MHz,DirectX: 12.0,260 W,4.22,2019-03-14,$4741.49 USD (2020-02-11)
Quadro RTX 6000,19784,"6,300.00*",Workstation,PCIe 3.0 x16,24576,1440 MHz,1750 MHz,DirectX: 12.0,295 W,3.14,2018-11-15,$6300 USD (2018-08-13)
TITAN RTX,19403,"2,499.00*",Workstation,PCIe 3.0 x16,24576,1350 MHz,14000 (1750x8) MHz,DirectX: 12.1,280 W,7.76,2018-12-20,$2499 USD (2020-10-22)
GeForce RTX 2080 SUPER,19338,719.99,Desktop,PCIe 3.0 x16,8192,1650 MHz,15500 MHz,DirectX: 12,250 W,26.86,2019-07-26,$719.99 USD (2020-10-25)
TITAN V,19176,"2,149.99*",Desktop,PCIe 3.0 x16,12288,1200 MHz,850 MHz,DirectX: 12,250 W,8.92,2017-12-10,$2149.99 USD (2020-03-16)
GeForce RTX 2080,18630,799.99*,Desktop,PCIe 3.0 x16,8096,1515 MHz,14000 (1750x8) MHz,DirectX: 12,250 W,23.29,2018-09-19,$799.99 USD (2020-09-17)
NVIDIA TITAN Xp,18280,"1,398.68*",Desktop,PCIe 3.0 x16,12288,1405 MHz,1426 MHz,DirectX: 12.0,250 W,13.07,2017-04-11,$1398.68 USD (2020-03-11)
GeForce RTX 2070 SUPER,18126,524.99,Desktop,PCIe 3.0 x16,8192,1605 MHz,14000 (1750x8) MHz,DirectX: 12,215 W,34.53,2019-07-11,$524.99 USD (2020-10-25)
GeForce GTX 1080 Ti,17622,800.08*,Desktop,PCIe 3.0 x16,11264,1480 MHz,2750 MHz,DirectX: 12.0,250 W,22.03,2017-03-10,$800.08 USD (2020-04-03)
Quadro RTX 5000,17473,NA,Workstation,PCIe 3.0 x16,16384,1620 MHz,1750 MHz,DirectX: 12.0,230 W,NAOverall Rank,2019-01-30,NAOverall Rank
TITAN Xp COLLECTORS EDITION,17273,NA,Desktop,PCIe 3.0 x16,12288,1405 MHz,1426 MHz,DirectX: 12.1,250 W,NAOverall Rank,2017-12-12,NAOverall Rank
TITAN V CEO Edition,16987,NA,Desktop,PCIe 3.0 x16,32000,1200 MHz,1700 MHz,DirectX: 12,NA,NAOverall Rank,2018-10-23,NAOverall Rank
Radeon VII,16918,"1,898.99",Desktop,PCIe 3.0 x16,16384,1400 MHz,12,OpenGL: 4.6,NA,8.91,2019-02-13,$1898.99 USD (2020-10-23)
Radeon RX 5700 XT,16697,359.99,Desktop,PCIe 4.0 x16,8192,1605 MHz,14000 MHz,DirectX: 12,NA,46.38,2019-07-08,$359.99 USD (2020-10-12)
Radeon RX 5700 XT 50th Anniversary,16438,NA,Desktop,PCIe 4.0 x16,8192,1680 MHz,14000 MHz,Max TDP: 235 W,NA,NAOverall Rank,2019-07-10,NAOverall Rank
GeForce RTX 2060 SUPER,16354,414.98,Desktop,PCIe 3.0 x16,8192,1407 MHz,14000 (1750x8) MHz,DirectX: 12,175 W,39.41,2019-07-12,$414.98 USD (2020-10-20)
GeForce RTX 2070,16200,419.99,Desktop,PCIe 3.0 x16,8192,1410 MHz,14000 (1750x8) MHz,DirectX: 12,175 W,38.57,2018-10-18,$419.99 USD (2020-10-15)
GeForce RTX 2080 (Mobile),15107,NA,Mobile,PCIe 3.0 x16,8192,1380 MHz,14000 MHz,DirectX: 12,150 W,NAOverall Rank,2019-04-10,NAOverall Rank
Radeon Pro W5700,15031,799.99,Desktop,PCIe 4.0 x16,8192,1243 MHz,14000 MHz,DirectX: 12,205 W,18.79,2020-01-17,$799.99 USD (2020-01-18)
Quadro RTX 4000,15006,899.00*,Workstation,PCIe 3.0 x16,8192,1005 MHz,1625 MHz,DirectX: 12.0,160 W,16.69,2019-02-15,$899 USD (2018-11-13)
Quadro P6000,15005,"2,749.99*",Workstation,PCIe 3.0 x16,24000,1417 MHz,1126 MHz,DirectX: 12.1,250 W,5.46,2016-10-28,$2749.99 USD (2020-03-10)
Quadro RTX 5000 (Mobile),14832,NA,Mobile,PCIe 3.0 x16,16384,1035 MHz,1750 MHz,DirectX: 12.0,110 W,NA,NA,Mobile
GeForce GTX 1080,14822,379.99,Desktop,PCIe 3.0 x16,8192,1607 MHz,2500 MHz,DirectX: 12,180 W,39.01,2016-05-14,$379.99 USD (2020-09-23)
Radeon Pro Vega II,14737,NA,AMD Radeon Pro Vega II,NA,NA,NA,NA,NA,NA,NA,NAOverall Rank,NAOverall Rank
GeForce RTX 2070 Super with Max-Q Design,14734,NA,Mobile,PCIe 3.0 x16,8192,930 MHz,12,OpenGL: 4.6,NA,NAOverall Rank,2020-04-30,NAOverall Rank
Radeon RX Vega 64,14651,389.99*,Desktop,PCIe 3.0 x16,8192,1247 MHz,1890 MHz,DirectX: 12,295 W,37.57,2017-09-01,$389.99 USD (2020-04-25)
Quadro RTX 5000 with Max-Q Design,14483,NA,Mobile,PCIe 3.0 x16,16384,600 MHz,1750 MHz,DirectX: 12.0,80 W,NA,NA,Mobile
Radeon RX 5700,14478,309.99,Desktop,PCIe 4.0 x16,8192,1465 MHz,14000 MHz,DirectX: 12,NA,46.71,2019-07-01,$309.99 USD (2020-08-01)
GeForce RTX 2080 Super with Max-Q Design,14220,NA,Mobile,PCIe 3.0 x16,8192,735 MHz,14000 MHz,DirectX: 12,80 W,NAOverall Rank,2020-04-21,NAOverall Rank
GeForce RTX 2080 with Max-Q Design,14211,"2,099.99*",Mobile,PCIe 3.0 x16,8192,735 MHz,12000 MHz,DirectX: 12,90 W,6.77,2019-02-01,$2099.99 USD (2020-03-13)
Radeon Pro WX 8200,14137,969.99,Desktop,PCIe 3.0 x16,8192,1200 MHz,2000 MHz,DirectX: 12,230 W,14.57,2018-08-30,$969.99 USD (2020-01-30)
GeForce RTX 2060,14080,299.99,Desktop,PCIe 3.0 x16,6144,1365 MHz,14000 (1750x8) MHz,DirectX: 12,160 W,46.94,2019-01-15,$299.99 USD (2020-10-25)
Radeon Vega Frontier Edition,14072,890.00*,Desktop,PCIe 3.0 x16,16384,1382 MHz,945 MHz,DirectX: 12,350 W,15.81,2017-06-28,$890 USD (2020-03-10)
GeForce GTX 1070 Ti,14034,549.99*,Desktop,PCIe 3.0 x16,8192,1607 MHz,2002 MHz,DirectX: 12,180 W,25.52,2017-11-04,$549.99 USD (2020-09-29)
GeForce GTX 980 Ti,13739,309.20*,Desktop,PCIe 3.0 x16,6144,1076 MHz,1753 (7012) MHz,DirectX: 12,250 W,44.43,2015-06-02,$309.2 USD (2020-03-13)
NVIDIA TITAN X,13659,608.10*,Desktop,PCIe 3.0 x16,12288,1417 MHz,2500 (10000) MHz,DirectX: 12.0,250 W,22.46,2016-08-03,$608.1 USD (2020-03-10)
Radeon RX 5600 XT,13467,269.99,Desktop,PCIe 4.0 x16,6144,1130 MHz,12000 MHz,DirectX: 12,150 W,49.88,2020-01-24,$269.99 USD (2020-10-20)
Radeon RX Vega 56,13352,519.99,Desktop,PCIe 3.0 x16,8192,1471 MHz,1600 MHz,DirectX: 12,210 W,25.68,2017-09-23,$519.99 USD (2020-10-23)
GeForce GTX 1070,13313,449.99,Desktop,PCIe 3.0 x16,8192,1506 MHz,2002 MHz,DirectX: 12.0,150 W,29.59,2016-06-11,$449.99 USD (2020-10-21)
Tesla T10,13263,NA,NVIDIA Tesla T10,NA,NA,NA,NA,NA,NA,NA,NAOverall Rank,NAOverall Rank
Quadro M6000 24GB,13159,NA,Workstation,PCIe 3.0 x16,24576,988 MHz,1653 MHz,DirectX: 12.0,250 W,NAOverall Rank,2016-07-14,NAOverall Rank
Radeon Pro WX 9100,13112,NA,Desktop,PCIe 3.0 x16,16384,1200 MHz,1890 MHz,DirectX: 12,230 W,NAOverall Rank,2017-10-16,NAOverall Rank
Quadro RTX 4000 with Max-Q Design,12871,NA,Mobile,PCIe 3.0 x16,8192,780 MHz,13000 MHz,DirectX: 12.1,80 W,NAOverall Rank,2019-11-14,NAOverall Rank
Quadro GV100,12721,"8,999.00*",Workstation,PCIe 3.0 x16,32768,1132 MHz,1696 MHz,DirectX: 12,250 W,1.41,2018-03-28,$8999 USD (2018-03-27)
GeForce GTX 1660 SUPER,12690,239.99,Desktop,PCIe 3.0 x16,6144,1530 MHz,14000 MHz,DirectX: 12,125 W,52.88,2019-11-02,$239.99 USD (2020-10-23)
Quadro GP100,12662,NA,Workstation,PCIe 3.0 x16,16384,1328 MHz,703 MHz,Max TDP: 235 W,NA,NAOverall Rank,2017-04-03,NAOverall Rank
GeForce GTX TITAN X,12533,599.99*,Desktop,PCIe 3.0 x16,12288,1000 MHz,1753 (7012) MHz,DirectX: 12,250 W,20.89,2015-03-19,$599.99 USD (2020-03-16)
GeForce RTX 2070 with Max-Q Design,12368,NA,Mobile,PCIe 3.0 x16,8192,885 MHz,12000 MHz,DirectX: 12,80 W,NAOverall Rank,2019-02-10,NAOverall Rank
GeForce GTX 1660 Ti,12354,269.49,Desktop,PCIe 3.0 x16,6144,1500 MHz,12000 MHz,DirectX: 12.0,120 W,45.85,2019-02-06,$269.49 USD (2020-10-23)
GeForce RTX 2070 (Mobile),12354,NA,Mobile,PCIe 3.0 x16,8192,1215 MHz,14000 MHz,DirectX: 12,115 W,NAOverall Rank,2019-04-10,NAOverall Rank
TITAN Xp,12256,NA,NVIDIA TITAN Xp,NA,NA,NA,NA,NA,NA,NA,NAOverall Rank,NAOverall Rank
Radeon Pro Vega 56,12209,NA,Desktop,8192 MB,1247,786 MHz,12,OpenGL: 4.5,NA,NAOverall Rank,2018-03-18,NAOverall Rank
Quadro M6000,12163,"1,054.03*",Workstation,PCIe 3.0 x16,12288,988 MHz,1653 (6612) MHz,DirectX: 12.0,250 W,11.54,2015-01-12,$1054.03 USD (2020-03-13)
Quadro P4200,12019,NA,Workstation,MXM-B (3.0),8192,1227 MHz,6008 MHz,DirectX: 12,100 W,NAOverall Rank,2018-07-26,NAOverall Rank
Quadro P4200 with Max-Q Design,11869,NA,Workstation,MXM-B (3.0),12,4.6,NA,NA,NA,NAOverall Rank,2018-10-17,NAOverall Rank
Radeon Pro 5700,11814,NA,Desktop,PCIe 4.0 x16,8192,1243 MHz,12000 MHz,DirectX: 12,130 W,NAOverall Rank,2020-08-20,NAOverall Rank
Radeon Pro Vega 48,11698,NA,Radeon Pro Vega 48,NA,NA,NA,NA,NA,NA,NA,NAOverall Rank,NAOverall Rank
Quadro P4000,11678,789.99,Workstation,PCIe 3.0 x16,8192,1227 MHz,1502 MHz,DirectX: 12.1,105 W,14.78,2017-03-31,$789.99 USD (2020-09-05)
Quadro P5200,11629,NA,Mobile,NA,NA,NA,NA,NA,NA,NAOverall Rank,2018-01-19,NAOverall Rank
GeForce GTX 1080 with Max-Q Design,11555,NA,Mobile,PCIe 3.0 x16,8192,1468 MHz,2500 MHz,DirectX: 12.1,110 W,NAOverall Rank,2017-07-14,NAOverall Rank
Quadro P5000,11542,"1,700.64",Workstation,PCIe 3.0 x16,16384,1607 MHz,1126 MHz,DirectX: 12.1,180 W,6.79,2016-11-25,$1700.64 USD (2020-09-16)
GeForce GTX 1660,11542,209.99,Desktop,PCIe 3.0 x16,6144,1530 MHz,8000 MHz,DirectX: 12,120 W,54.96,2019-03-18,$209.99 USD (2020-10-20)
Radeon Pro Vega 64,11455,NA,Radeon Pro Vega 64,NA,NA,NA,NA,NA,NA,NA,NAOverall Rank,NAOverall Rank
GeForce RTX 2060 (Mobile),11354,NA,Mobile,PCIe 3.0 x16,6144,960 MHz,14000 MHz,DirectX: 12,80 W,NAOverall Rank,2019-04-10,NAOverall Rank
Quadro RTX 3000,11321,NA,Mobile,PCIe 3.0 x16,6144,945 MHz,1750 MHz,DirectX: 12.0,80 W,NA,NA,Mobile
Radeon RX5600,11187,NA,AMD Radeon RX5600,NA,NA,NA,NA,NA,NA,NA,NAOverall Rank,NAOverall Rank
GeForce GTX 980,11041,223.10*,Desktop,PCIe 3.0 x16,4096,1126 MHz,1752.5 MHz,DirectX: 12,165 W,49.49,2014-09-19,$223.1 USD (2020-03-16)
Radeon Pro 5700 XT,10701,NA,Desktop,PCIe 4.0 x16,16384,1243 MHz,12000 MHz,DirectX: 12,130 W,NAOverall Rank,2020-08-19,NAOverall Rank
Radeon RX 5600,10532,NA,Desktop,PCIe 4.0 x16,6144,1130 MHz,12000 MHz,DirectX: 12,150 W,NAOverall Rank,2020-04-30,NAOverall Rank
Radeon Pro SSG,10497,NA,Radeon Pro SSG,NA,NA,NA,NA,NA,NA,NA,NAOverall Rank,NAOverall Rank
Radeon Instinct MI25 MxGPU,10466,NA,Radeon Instinct MI25 MxGPU,NA,NA,NA,NA,NA,NA,NA,NAOverall Rank,NAOverall Rank
GeForce GTX 1070 (Mobile),10465,NA,Mobile,PCIe 3.0 x16,8192,1443 MHz,8000 MHz,DirectX: 12,NA,NAOverall Rank,2019-04-10,NAOverall Rank
GeForce GTX 1060,10209,325.88*,Desktop,PCIe 3.0 x16,6144,1708 MHz,2002 MHz,DirectX: 12.0,120 W,31.33,2016-07-20,$325.88 USD (2020-09-22)
GeForce GTX 1070 with Max-Q Design,10202,NA,Mobile,PCIe 3.0 x16,8192,1379 MHz,2000 MHz,DirectX: 12.1,90 W,NAOverall Rank,2017-07-05,NAOverall Rank
GeForce GTX 1660 Ti (Mobile),10176,NA,Mobile,PCIe 3.0 x16,6144,1455 MHz,12000 MHz,DirectX: 12,50 W,NAOverall Rank,2019-05-01,NAOverall Rank
GeForce GTX 1650 SUPER,9835,159.99,Desktop,PCIe 3.0 x16,4096,1530 MHz,12000 MHz,DirectX: 12,100 W,61.47,2019-11-27,$159.99 USD (2020-10-24)
GeForce RTX 2060 with Max-Q Design,9832,NA,Mobile,PCIe 3.0 x16,6144,975 MHz,11000 MHz,DirectX: 12,65 W,NAOverall Rank,2020-04-09,NAOverall Rank
Quadro P5200 with Max-Q Design,9796,NA,"NVIDIA Quadro P5200 with Max-Q Design, NVIDIA Quadro P5200 with Max-Q Design (Mobile)",NA,NA,NA,NA,NA,NA,NA,NAOverall Rank,NAOverall Rank
Radeon R9 Fury + Fury X,9741,374.10*,Desktop,PCIe 3.0x16,4096,1050 MHz,12,OpenGL: 4.58,NA,26.04,2015-07-10,$374.1 USD (2020-03-10)
Radeon Pro Duo,9672,449.00*,Desktop,PCIe 3.0 x16,8192,1000 MHz,500 MHz,DirectX: 12,350 W,21.54,2016-09-17,$449 USD (2018-11-21)
Radeon R9 Fury,9657,443.10*,AMD Radeon R9 Fury,NA,NA,NA,NA,NA,NA,84,21.79,$443.1 USD (2020-03-14)
GeForce GTX 970,9634,197.44*,Desktop,PCIe 3.0 x16,4096,1050 MHz,1752.5 MHz,DirectX: 12,145 W,48.80,2014-09-19,$197.44 USD (2020-03-16)
GeForce GTX 1060 3GB,9610,235.99*,Desktop,PCIe 3.0 x16,3072,1708 MHz,2000 MHz,DirectX: 12.0,120 W,40.73,2016-08-24,$235.99 USD (2020-06-07)
Radeon R9 Fury X,9567,NA,AMD Radeon R9 Fury X,NA,NA,NA,NA,NA,NA,NA,NAOverall Rank,NAOverall Rank
Radeon R9 390X,9547,NA,Desktop,PCIe 3.0 x16,8192,1050 MHz,1500 MHz,DirectX: 12.0,275 W,NAOverall Rank,2016-04-05,NAOverall Rank
Radeon RX 590,9474,159.99,Desktop,PCIe 3.0 x16,8192,1545 MHz,2000 MHz,DirectX: 12.0,175 W,59.22,2018-11-27,$159.99 USD (2020-07-31)
Radeon Pro W5500,9377,408.99,Desktop,PCIe 4.0 x8,8192,1187 MHz,14000 MHz,DirectX: 12,125 W,22.93,2020-02-13,$408.99 USD (2020-08-12)
Quadro M5000,9222,648.99*,Workstation,PCIe 3.0 x16,8192,1050 MHz,1653 MHz,DirectX: 12.4,150 W,14.21,2015-11-24,$648.99 USD (2020-03-14)
GeForce GTX 780 Ti,9149,225.10*,Desktop,PCIe 3.0 x16,3072,875 MHz,1750 MHz,DirectX: 11.0,250 W,40.65,2013-11-08,$225.1 USD (2020-03-16)
Quadro P2200,9119,378.66,NVIDIA Quadro P2200,NA,NA,NA,NA,NA,NA,93,24.08,$378.66 USD (2020-10-25)
GeForce GTX TITAN Black,9084,433.10*,Desktop,PCIe 3.0 x16,6144,889 MHz,1750 MHz,DirectX: 11,250 W,20.97,2014-03-21,$433.1 USD (2020-03-16)
Quadro P4000 with Max-Q Design,9082,NA,Mobile,PCIe 3.0 x16,16384,1113 MHz,1501 MHz,DirectX: 12.1,NA,NAOverall Rank,2017-10-12,NAOverall Rank
Quadro P3200 with Max-Q Design,8941,NA,"NVIDIA Quadro P3200 with Max-Q Design, NVIDIA Quadro P3200 with Max-Q Design (Mobile)",NA,NA,NA,NA,NA,NA,NA,NAOverall Rank,NAOverall Rank
Radeon RX 5500 XT,8941,179.99,Desktop,PCIe 4.0 x8,8192,1607 MHz,14000 MHz,DirectX: 12,130 W,49.68,2019-12-12,$179.99 USD (2020-09-25)
Radeon RX 580,8751,169.99,Desktop,PCIe 3.0 x16,8192,1257 MHz,2000 MHz,DirectX: 12.0,185 W,51.48,2017-04-23,$169.99 USD (2020-10-18)
Radeon R9 390,8747,NA,Desktop,PCIe 3.0 x16,8192,1000 MHz,1250 MHz,DirectX: 12.0,275 W,NAOverall Rank,2016-03-31,NAOverall Rank
GeForce GTX Titan,8736,310.00*,Desktop,PCIe 3.0 x16,6144,837 MHz,1502 MHz,DirectX: 11,250 W,28.18,2013-02-28,$310 USD (2020-03-15)
Radeon R9 290,8536,NA,AMD Radeon R9 290,NA,NA,NA,NA,NA,NA,NA,NAOverall Rank,NAOverall Rank
GeForce GTX 1660 Ti with Max-Q Design,8534,NA,Mobile,PCIe 3.0 x16,6144,1140 MHz,12000 MHz,DirectX: 12,60 W,NAOverall Rank,2019-05-11,NAOverall Rank
Radeon RX 480,8525,198.25*,Desktop,PCIe 3.0 x16,8192,1266 MHz,2000 MHz,DirectX: 12.0,150 W,43.00,2016-06-28,$198.25 USD (2020-03-16)
Quadro K6000,8502,677.93,Workstation,PCIe 3.0 x16,12288,901.5 MHz,"1502,(6008) MHz",DirectX: 11.2,225 W,12.54,2013-10-04,$677.93 USD (2020-10-25)
Radeon R9 290X,8495,NA,AMD Radeon R9 290X,NA,NA,NA,NA,NA,NA,NA,NAOverall Rank,NAOverall Rank
Radeon RX 5500,8493,NA,Desktop,PCIe 4.0 x8,4096,1670 MHz,14000 MHz,Max TDP: 150 W,NA,NAOverall Rank,2019-11-22,NAOverall Rank
Radeon R9 290X / 390X,8389,220.10*,Desktop,PCIe 3.0 x16,4096,1000 MHz,5000 MHz,DirectX: 12,290 W,38.12,2013-10-25,$220.1 USD (2020-03-10)
Radeon R9 295X2,8310,499.10*,Desktop,PCIe 3.0 x16,8192,1018 MHz,5000 MHz,DirectX: 12,500 W,16.65,2014-05-25,$499.1 USD (2020-03-10)
GeForce GTX TITAN Z,8237,919.10*,Desktop,PCIe 3.0 x16,12288,705 MHz,1750 MHz,DirectX: 11,375 W,8.96,2014-06-07,$919.1 USD (2020-03-10)
15FF,8214,NA,AMD 15FF Graphics,NA,NA,NA,NA,NA,NA,NA,NAOverall Rank,NAOverall Rank
GeForce GTX 1060 (Mobile),8160,NA,Mobile,PCIe 3.0 x16,6144,1404 MHz,8000 MHz,DirectX: 12,NA,NAOverall Rank,2019-04-10,NAOverall Rank
Radeon R9 290 / 390,8150,179.32*,Desktop,PCIe 3.0 x16,4096,947 MHz,5000 MHz,DirectX: 12,275 W,45.45,2013-11-09,$179.32 USD (2020-03-10)
Quadro RTX 3000 with Max-Q Design,8123,NA,Mobile,PCIe 3.0 x16,6144,600 MHz,14000 MHz,DirectX: 12,60 W,NAOverall Rank,2019-10-10,NAOverall Rank
GeForce GTX 1060 with Max-Q Design,8039,NA,Mobile,PCIe 3.0 x16,6144,1480 MHz,2002 MHz,DirectX: 12.1,80 W,NAOverall Rank,2017-06-19,NAOverall Rank
Radeon RX 470,7915,99.99*,Desktop,PCIe 3.0 x16,8192,926 MHz,1650 MHz,DirectX: 12.0,120 W,79.17,2016-08-10,$99.99 USD (2020-08-21)
Quadro M5500,7915,NA,Mobile,PCIe 3.0 x16,8192,861 MHz,1753 MHz,DirectX: 12.0,150 W,NA,NA,Mobile
GeForce GTX 780,7891,129.99*,Desktop,PCIe 3.0 x16,6144,863 MHz,1502 MHz,DirectX: 11,250 W,60.71,2013-05-28,$129.99 USD (2020-03-15)
GeForce GTX 1650,7798,139.99,Desktop,PCIe 3.0 x16,4096,1485 MHz,800 MHz,DirectX: 12,75 W,55.71,2019-04-27,$139.99 USD (2020-09-21)
Radeon RX 580X,7798,NA,Desktop,PCIe 3.0 x16,8192,1257 MHz,2000 MHz,DirectX: 12.0,185 W,NAOverall Rank,2019-02-26,NAOverall Rank
Radeon RX 580 2048SP,7777,NA,AMD Radeon RX 580 2048SP,NA,NA,NA,NA,NA,NA,NA,NAOverall Rank,NAOverall Rank
Radeon Pro WX 7100,7758,460.99,Workstation,PCIe 3.0 x16,8192,1188 MHz,12,OpenGL: 4.5,NA,16.83,2016-11-29,$460.99 USD (2020-07-11)
Radeon Pro 580,7753,NA,Radeon Pro 580,NA,NA,NA,NA,NA,NA,NA,NAOverall Rank,NAOverall Rank
FirePro W9100,7750,"3,593.10*",Workstation,PCIe 3.0 x16,16384,930 MHz,1250 MHz,DirectX: 11.1,275 W,2.16,2014-11-04,$3593.1 USD (2020-03-13)
GeForce GTX 1650 Ti,7733,NA,Mobile,PCIe 3.0 x16,4096,1350 MHz,12000 MHz,DirectX: 12,55 W,NAOverall Rank,2020-03-29,NAOverall Rank
Quadro P3200,7685,NA,"NVIDIA Quadro P3200, NVIDIA Quadro P3200 (Mobile)",NA,NA,NA,NA,NA,NA,NA,NAOverall Rank,NAOverall Rank
Tesla M6,7621,NA,NVIDIA Tesla M6,NA,NA,NA,NA,NA,NA,NA,NAOverall Rank,NAOverall Rank
Radeon Pro 580X,7540,NA,Desktop,PCIe 3.0 x16,8192,1100 MHz,1695 MHz,DirectX: 12.0,150 W,NAOverall Rank,2019-09-03,NAOverall Rank
Tesla M60,7328,"1,395.00*",NVIDIA Tesla M60,NA,NA,NA,NA,NA,NA,128,5.25,$1395 USD (2020-03-13)
GeForce GTX 980M,7318,289.99*,Mobile,PCIe 3.0 x16,4096,1038 MHz,1253 MHz,DirectX: 12,100 W,25.24,2014-10-16,$289.99 USD (2020-03-10)
Quadro P2000,7234,464.90*,Workstation,PCIe 3.0 x16,5120,1370 MHz,2002 MHz,DirectX: 12,75 W,15.56,2017-03-27,$464.9 USD (2020-09-22)
Tesla P100-PCIE-16GB,7225,NA,NVIDIA Tesla P100-PCIE-16GB,NA,NA,NA,NA,NA,NA,NA,NAOverall Rank,NAOverall Rank
FirePro W8100,6985,"1,112.18*",Workstation,PCIe 3.0 x16,8192,824 MHz,1250 MHz,DirectX: 11.1,220 W,6.28,2014-08-27,$1112.18 USD (2019-05-25)
GeForce GTX 1650 (Mobile),6968,NA,Mobile,PCIe 3.0 x16,4096,1395 MHz,8000 MHz,DirectX: 12,50 W,NAOverall Rank,2019-05-01,NAOverall Rank
Radeon RX 570,6967,149.99,Desktop,PCIe 3.0 x16,8192,1168 MHz,1750 MHz,DirectX: 12.0,150 W,46.45,2017-04-25,$149.99 USD (2020-10-25)
Quadro P3000,6919,NA,Mobile,PCIe 3.0 x16,6144,1088 MHz,1752 MHz,DirectX: 12,NA,NA,NA,Mobile
Quadro T1000 with Max-Q Design,6887,NA,NVIDIA Quadro T1000 with Max-Q Design (Mobile),NA,NA,NA,NA,NA,NA,NA,NAOverall Rank,NAOverall Rank
Quadro T2000,6850,NA,"NVIDIA Quadro T2000, NVIDIA Quadro T2000 (Mobile)",NA,NA,NA,NA,NA,NA,NA,NAOverall Rank,NAOverall Rank
Quadro M5000M,6844,499.95*,Mobile,PCIe 3.0 x16,8192,962 MHz,1253 MHz,DirectX: 12.1,100 W,NA,NA,Mobile
Radeon RX Vega M GH,6767,NA,Radeon RX Vega M GH Graphics,NA,NA,NA,NA,NA,NA,NA,NAOverall Rank,NAOverall Rank
Tesla T4,6753,NA,NVIDIA Tesla T4,NA,NA,NA,NA,NA,NA,NA,NAOverall Rank,NAOverall Rank
Radeon Pro 5500M,6713,NA,AMD Radeon Pro 5500M,PCIe 4.0 x8,8192,1000 MHz,12000 MHz,DirectX: 12.0,85 W,NA,NAOverall Rank,NAOverall Rank
GeForce GTX 970XM FORCE,6706,NA,NVIDIA GeForce GTX 970XM FORCE,NA,NA,NA,NA,NA,NA,NA,NAOverall Rank,NAOverall Rank
Quadro M4000M,6636,NA,Mobile,PCIe 3.0 x16,4096,1253 MHz,12.1,OpenGL: 4.5,NA,NA,NA,Mobile
Quadro T1000,6483,NA,"NVIDIA Quadro T1000, NVIDIA Quadro T1000 (Mobile)",NA,NA,NA,NA,NA,NA,NA,NAOverall Rank,NAOverall Rank
Quadro M4000,6479,780.99*,Workstation,PCIe 3.0 x16,8192,800 MHz,1503 MHz,DirectX: 12.4,120 W,8.30,2015-10-05,$780.99 USD (2020-06-13)
GeForce GTX 1050 Ti,6389,139.99,Desktop,PCI-E 3.0 x16,4096,1290 MHz,1752 MHz,DirectX: 12.0,75 W,45.64,2016-10-27,$139.99 USD (2020-10-22)
Quadro T2000 with Max-Q Design,6361,NA,NVIDIA Quadro T2000 with Max-Q Design (Mobile),NA,NA,NA,NA,NA,NA,NA,NAOverall Rank,NAOverall Rank
Radeon Pro 570,6336,NA,Radeon Pro 570,NA,NA,NA,NA,NA,NA,NA,NAOverall Rank,NAOverall Rank
Radeon RX 5600M,6292,NA,Desktop,PCIe 4.0 x16,6144,1035 MHz,12000 MHz,DirectX: 12,150 W,NAOverall Rank,2020-06-18,NAOverall Rank
FirePro S7150,6276,"2,940.21*",AMD FirePro S7150,NA,NA,NA,NA,NA,NA,150,2.13,$2940.21 USD (2018-07-04)
Radeon R9 280X,6223,NA,Desktop,PCIe 3.0 x16,3072,850 MHz,1500 MHz,DirectX: 12.0,250 W,NAOverall Rank,2016-04-02,NAOverall Rank
Radeon R9 380,6155,89.99*,Desktop,PCIe 3.0 x16,4096,970 MHz,1375 MHz,DirectX: 12.0,190 W,68.41,2016-03-30,$89.99 USD (2020-03-16)
Radeon R9 380X,6060,445.00*,Desktop,PCIe 3.0 x16,4096,970 MHz,12.0,OpenGL: 4.5,NA,13.62,2015-07-24,$445 USD (2018-12-26)
GeForce GTX 1650 Ti with Max-Q Design,6054,NA,NVIDIA GeForce GTX 1650 Ti with Max-Q Design (Mobile),NA,NA,NA,NA,NA,NA,NA,NAOverall Rank,NAOverall Rank
Radeon Pro WX Vega M GL,6049,NA,Mobile,Integrated,4096,931 MHz,1400 MHz,DirectX: 12,65 W,NAOverall Rank,2019-06-22,NAOverall Rank
GeForce GTX 960,5986,113.27*,Desktop,PCIe 3.0 x16,4096,1127 MHz,1753 MHz,DirectX: 12.0,120 W,52.85,2015-01-23,$113.27 USD (2020-03-13)
GRID P100-16Q,5944,NA,NVIDIA GRID P100-16Q,NA,NA,NA,NA,NA,NA,NA,NAOverall Rank,NAOverall Rank
Quadro K5200,5922,"1,659.87",Workstation,PCIe 3.0 x16,8192,650 MHz,"1500,(6000) MHz",DirectX: 11,150 W,3.57,2014-09-09,$1659.87 USD (2020-09-28)
GeForce GTX 1050 Ti (Mobile),5918,NA,Mobile,PCIe 3.0 x16,4096,1493 MHz,7000 MHz,DirectX: 12,NA,NAOverall Rank,2019-04-10,NAOverall Rank
FirePro W9000,5907,"3,443.99*",Workstation,PCIe 3.0 x16,6144,975 MHz,1375 MHz,DirectX: 11.1,274 W,1.72,2012-11-19,$3443.99 USD (2015-09-02)
GeForce GTX 770,5895,109.95*,Desktop,PCIe 3.0 x16,4096,1046 MHz,1752.5 MHz,DirectX: 11,230 W,53.62,2013-06-01,$109.95 USD (2020-03-14)
GeForce GTX 690,5796,264.10*,Desktop,PCIe 3.0 x16,2048,915 MHz,1502 MHz,DirectX: 11,300 W,21.95,2012-05-09,$264.1 USD (2020-03-10)
GeForce GTX 1650 with Max-Q Design,5784,NA,Mobile,PCIe 3.0 x16,4096,1020 MHz,8000 (4x2000) MHz,DirectX: 12,35 W,NAOverall Rank,2019-06-21,NAOverall Rank
Radeon Pro Vega 20,5751,NA,Radeon Pro Vega 20,NA,NA,NA,NA,NA,NA,NA,NAOverall Rank,NAOverall Rank
GeForce GTX 970M,5663,209.99*,Mobile,PCIe 3.0 x16,3072,924 MHz,1253 MHz,DirectX: 12,75 W,26.97,2014-10-18,$209.99 USD (2020-03-14)
Radeon Pro 5300M,5635,NA,AMD Radeon Pro 5300M,PCIe 4.0 x8,4096,1000 MHz,12000 MHz,DirectX: 12,85 W,NA,NAOverall Rank,NAOverall Rank
GeForce GTX 1050 Ti with Max-Q Design,5631,NA,Mobile,PCIe 3.0 x16,4096,1151 MHz,7000 MHz,DirectX: 12,NA,NAOverall Rank,2018-04-07,NAOverall Rank
GeForce GTX 680,5582,179.99*,Desktop,PCIe 3.0 x16,4096,1006 MHz,1502 MHz,DirectX: 11,195 W,31.02,2012-08-17,$179.99 USD (2020-03-10)
Radeon HD 7990,5565,990.44*,Desktop,PCIe 3.0 x16,3072,950 MHz,1500 MHz,DirectX: 11.2,375 W,5.62,2013-05-04,$990.44 USD (2020-03-05)
Radeon R9 280,5554,NA,Desktop,PCIe 3.0 x16,3072,827 MHz,1250 MHz,DirectX: 12.0,250 W,NAOverall Rank,2016-04-01,NAOverall Rank
Radeon R9 285 / 380,5549,449.99*,Desktop,PCIe 3.0 x16,2048,918 MHz,12.0,OpenGL: 4.4,NA,12.33,2015-01-24,$449.99 USD (2020-03-16)
GRID M60-8A,5523,NA,NVIDIA GRID M60-8A,NA,NA,NA,NA,NA,NA,NA,NAOverall Rank,NAOverall Rank
Quadro M3000M,5423,159.95*,Mobile,PCIe 3.0 x16,4096,1253 MHz,12.1,OpenGL: 4.5,NA,NA,NA,Mobile
GeForce GTX 1050,5423,159.45,Desktop,PCI-E 3.0 x16,2048,1354 MHz,1752 MHz,DirectX: 12,75 W,34.01,2016-10-27,$159.45 USD (2020-10-17)
GeForce GTX 950,5330,86.00*,Desktop,PCIe 3.0 x16,2048,1024 MHz,1653 MHz,DirectX: 12,90 W,61.99,2015-08-23,$86 USD (2020-03-14)
Radeon Pro WX 5100,5328,334.99,Workstation,PCIe 3.0 x16,8096,926-1090 MHz,1650 MHz,DirectX: 12,75 W,15.91,2016-12-13,$334.99 USD (2020-06-11)
GeForce GTX 670,5321,149.00*,Desktop,PCIe 3.0 x16,4096,915 MHz,1502 MHz,DirectX: 11,170 W,35.72,2012-08-16,$149 USD (2020-03-10)
GRID M60-2Q,5291,NA,NVIDIA GRID M60-2Q,NA,NA,NA,NA,NA,NA,NA,NAOverall Rank,NAOverall Rank
Radeon HD 7970 / R9 280X,5247,125.99*,Desktop,PCIe 3.0 x16,3072,1000 MHz,1500 MHz,DirectX: 11.2/12.0,250 W,41.65,2012-08-17,$125.99 USD (2020-03-14)
FirePro S10000,5235,NA,"AMD FirePro S10000, AMD FirePro S10000 (FireGL V)",NA,NA,NA,NA,NA,NA,NA,NAOverall Rank,NAOverall Rank
GeForce GTX 760 Ti OEM,5224,NA,NVIDIA GeForce GTX 760 Ti OEM,NA,NA,NA,NA,NA,NA,NA,NAOverall Rank,NAOverall Rank
Radeon HD 8990,5214,NA,Desktop,PCIe 3.0 x16,3072,950 MHz,1500 MHz,DirectX: 11.1,375 W,NAOverall Rank,2013-11-12,NAOverall Rank
Q12U-1,5164,NA,NVIDIA Q12U-1,NA,NA,NA,NA,NA,NA,NA,NAOverall Rank,NAOverall Rank
Radeon R9 M295X,5150,NA,Mobile,PCIe 3.0 x16,4096,750 MHz,1375 MHz,DirectX: 11.2,125 W,NAOverall Rank,2014-10-21,NAOverall Rank
GeForce GTX 760 Ti,5118,297.50*,Desktop,PCIe 3.0 x16,2048,915 MHz,1502 MHz,DirectX: 11,170 W,17.21,2014-01-24,$297.5 USD (2015-06-17)
FirePro S9000,5059,NA,"AMD FirePro S9000, AMD FirePro S9000 (FireGL V)",NA,NA,NA,NA,NA,NA,NA,NAOverall Rank,NAOverall Rank
P106-100,5022,NA,NVIDIA P106-100,NA,NA,NA,NA,NA,NA,NA,NAOverall Rank,NAOverall Rank
Quadro P2000 with Max-Q Design,4991,NA,"NVIDIA Quadro P2000 with Max-Q Design, NVIDIA Quadro P2000 with Max-Q Design (Mobile)",NA,NA,NA,NA,NA,NA,NA,NAOverall Rank,NAOverall Rank
Radeon R9 M395,4967,NA,Mobile,PCIe 3.0 x16,2048,1365 MHz,12,OpenGL: 4.3,NA,NAOverall Rank,2015-10-26,NAOverall Rank
EIZO Quadro MED-XN51LP,4955,NA,"EIZO Quadro MED-XN51LP, NVIDIA EIZO Quadro MED-XN51LP",NA,NA,NA,NA,NA,NA,NA,NAOverall Rank,NAOverall Rank
FirePro W7100,4955,289.99*,Workstation,PCIe 3.0 x16,8192,920 MHz,1250 MHz,DirectX: 12,150 W,17.09,2015-02-08,$289.99 USD (2018-10-28)
Barco MXRT 7600,4943,NA,Barco MXRT 7600 (WDDM),NA,NA,NA,NA,NA,NA,NA,NAOverall Rank,NAOverall Rank
Radeon Sky 500,4889,NA,Radeon Sky 500,NA,NA,NA,NA,NA,NA,NA,NAOverall Rank,NAOverall Rank
Radeon R9 M485X,4842,NA,AMD Radeon (TM) R9 M485X,NA,NA,NA,NA,NA,NA,NA,NAOverall Rank,NAOverall Rank
Radeon R9 270X,4837,149.99*,Desktop,PCIe 3.0 x16,4096,1000 MHz,5600 MHz,DirectX: 12,180 W,32.26,2013-10-17,$149.99 USD (2020-03-16)
Radeon R9 M395X,4775,NA,Mobile,PCIe 3.0 x16,4096,1365 MHz,12.0,OpenGL: 4.3,NA,NAOverall Rank,2015-10-23,NAOverall Rank
Radeon HD 7950 / R9 280,4764,210.01*,Desktop,PCIe 3.0 x16,3072,850 MHz,1250 MHz,DirectX: 11.2/12.0,200 W,22.69,2012-06-09,$210.01 USD (2020-07-28)
GeForce GTX 760,4751,160.32*,Desktop,PCIe 3.0 x16,4096,980 MHz,1502 MHz,DirectX: 11,170 W,29.64,2013-06-27,$160.32 USD (2020-03-10)
GRID P40-24Q,4727,NA,NVIDIA GRID P40-24Q,NA,NA,NA,NA,NA,NA,NA,NAOverall Rank,NAOverall Rank
Radeon R9 370,4722,NA,Desktop,PCIe 3.0 x16,4096,950 MHz,1150 MHz,DirectX: 12.0,150 W,NAOverall Rank,2016-04-08,NAOverall Rank
Radeon Pro Vega 16,4682,NA,Radeon Pro Vega 16,NA,NA,NA,NA,NA,NA,NA,NAOverall Rank,NAOverall Rank
Radeon HD 7870,4656,147.00*,Desktop,PCIe 3.0 x16,2048,1000 MHz,1200 MHz,DirectX: 11.2,175 W,31.68,2012-06-05,$147 USD (2020-03-10)
B8DKMDAP,4557,NA,B8DKMDAP,NA,NA,NA,NA,NA,NA,NA,NAOverall Rank,NAOverall Rank
Radeon Pro 465,4537,NA,AMD Radeon Pro 465,NA,NA,NA,NA,NA,NA,NA,NAOverall Rank,NAOverall Rank
GeForce GTX 580,4511,145.32*,Desktop,PCIe 2.0 x16,3072,772 MHz,4008 MHz,DirectX: 11,244 W,31.04,2012-08-18,$145.32 USD (2020-03-10)
Quadro M2200,4489,249.99*,Mobile,PCIe 3.0 x16,4096,1025 MHz,1375 MHz,DirectX: 12.0,55 W,NA,NA,Mobile
Radeon HD 7870 XT,4469,NA,Desktop,PCIe 3.0 x16,2048,925 MHz,1500 MHz,DirectX: 11.2,185 W,NAOverall Rank,2013-05-01,NAOverall Rank
GeForce GTX 1050 (Mobile),4461,NA,Mobile,PCIe 3.0 x16,4096,1354 MHz,7000 MHz,DirectX: 12,NA,NAOverall Rank,2019-04-10,NAOverall Rank
GRID M60-1B,4456,NA,Workstation,NA,NA,NA,NA,NA,NA,NAOverall Rank,2016-05-27,NAOverall Rank
Citrix Indirect Display Adapter,4446,NA,Citrix Indirect Display Adapter,NA,NA,NA,NA,NA,NA,NA,NAOverall Rank,NAOverall Rank
GRID P6-4Q,4429,NA,NVIDIA GRID P6-4Q,NA,NA,NA,NA,NA,NA,NA,NAOverall Rank,NAOverall Rank
Radeon R7 370,4421,NA,Desktop,PCIe 3.0 x16,12,4.4,150 W,NA,NA,NAOverall Rank,2016-04-09,NAOverall Rank
Quadro P1000,4362,329.99,Workstation,PCI Express 3.0 x16,4096,1354 MHz,1752 MHz,DirectX: 12.0,47 W,13.22,2017-04-10,$329.99 USD (2020-09-27)
Radeon R9 M390X,4356,NA,Mobile,PCIe 3.0 x16,4096,723 MHz,1250 MHz,DirectX: 12.0,100 W,NAOverall Rank,2016-01-11,NAOverall Rank
GeForce GTX 660 Ti,4355,486.68*,Desktop,PCIe 3.0 x16,3072,915 MHz,1502 MHz,DirectX: 11,150 W,8.95,2012-08-20,$486.68 USD (2020-03-10)
Barco MXRT 7500,4319,NA,Barco MXRT 7500 (WDDM),NA,NA,NA,NA,NA,NA,NA,NAOverall Rank,NAOverall Rank
GRID P40-2Q,4287,NA,NVIDIA GRID P40-2Q,NA,NA,NA,NA,NA,NA,NA,NAOverall Rank,NAOverall Rank
GeForce GTX 680MX,4270,NA,Mobile,PCIe 3.0 x16,4096,719 MHz,11,OpenGL: 4.5,NA,NAOverall Rank,2013-01-08,NAOverall Rank
Radeon R9 270 / R7 370,4259,164.47*,Desktop,PCIe 3.0 x16,2048,"900,975 MHz",1400 MHz,DirectX: 12,150 W,25.90,2013-12-02,$164.47 USD (2020-03-19)
GRID M60-1Q,4250,NA,NVIDIA GRID M60-1Q,NA,NA,NA,NA,NA,NA,NA,NAOverall Rank,NAOverall Rank
Quadro K4200,4239,239.99*,Workstation,PCIe 2.0 x16,4096,780 MHz,"1350,(5400) MHz",DirectX: 11,105 W,17.66,2014-09-13,$239.99 USD (2020-02-15)
GeForce GTX 775M,4222,NA,"NVIDIA GeForce GTX 775M, NVIDIA GeForce GTX 775M (Mobile)",NA,NA,NA,NA,NA,NA,NA,NAOverall Rank,NAOverall Rank
Radeon R9 270,4212,NA,AMD Radeon(TM) R9 270,NA,NA,NA,NA,NA,NA,NA,NAOverall Rank,NAOverall Rank
FirePro S7000,4166,NA,Workstation,PCIe 3.0 x16,4096,950 MHz,1200 MHz,DirectX: 11.1,150 W,NAOverall Rank,2014-02-03,NAOverall Rank
GRID V100D-8Q,4155,NA,NVIDIA GRID V100D-8Q,NA,NA,NA,NA,NA,NA,NA,NAOverall Rank,NAOverall Rank
GeForce GTX 1060 5GB,4140,NA,Desktop,PCIe 3.0 x16,5120,1556 MHz,2002 MHz,NA,NA,NAOverall Rank,2018-04-12,NAOverall Rank
FirePro W7000 Adapter,4105,NA,"AMD FirePro W7000 (FireGL V) Graphics Adapter, AMD FirePro W7000 Graphics Adapter",NA,NA,NA,NA,NA,NA,NA,NAOverall Rank,NAOverall Rank
FirePro W7000,4079,146.02*,Workstation,PCIe 3.0 x16,4096,950 MHz,1200 MHz,DirectX: 11.1,150 W,27.94,2012-10-29,$146.02 USD (2020-03-16)
Radeon RX 460,4052,274.10*,Desktop,PCIe 3.0 x8,4096,1090 MHz,1750 MHz,DirectX: 12.0,75 W,14.78,2016-08-09,$274.1 USD (2020-03-15)
Radeon RX 5500M,4031,NA,Mobile,PCIe 4.0 x8,4096,1375 MHz,14000 MHz,DirectX: 12,85 W,NAOverall Rank,2020-03-21,NAOverall Rank
Radeon HD 7800-serie,4029,NA,AMD Radeon HD 7800-serie,NA,NA,NA,NA,NA,NA,NA,NAOverall Rank,NAOverall Rank
Quadro M2000,4016,298.99*,Workstation,PCIe 3.0 x16,4096,1180 MHz,1653 MHz,DirectX: 12.1,75 W,13.43,2016-05-31,$298.99 USD (2020-03-14)
GRID P6-2Q,4000,NA,NVIDIA GRID P6-2Q,NA,NA,NA,NA,NA,NA,NA,NAOverall Rank,NAOverall Rank
GeForce GTX 480,3995,579.00*,Desktop,PCIe 2.0 x16,1536,700 MHz,3696 MHz,DirectX: 11,250 W,6.90,2012-08-21,$579 USD (2020-03-14)
GeForce GTX 780M,3989,189.99*,Mobile,PCIe 3.0 x16,4096,797 MHz,11,OpenGL: 4.5,NA,21.00,2013-06-06,$189.99 USD (2020-03-10)
GeForce GTX 1050 with Max-Q Design,3978,NA,Mobile,PCIe 3.0 x16,4096,999 MHz,7000 MHz,DirectX: 12,NA,NAOverall Rank,2018-08-20,NAOverall Rank
GeForce GTX 660,3943,124.97*,Desktop,PCIe 3.0 x16,3072,980 MHz,1502 MHz,DirectX: 11,140 W,31.55,2012-09-22,$124.97 USD (2020-03-16)
GeForce GTX 750 Ti,3930,155.32*,Desktop,PCIe 3.0 x16,4096,1020 MHz,1350 MHz,DirectX: 12.0,60 W,25.31,2014-02-15,$155.32 USD (2020-03-16)
Quadro K5000,3922,384.98*,Workstation,PCIe 2.0 x16,4096,706 MHz,"1350,(5400) MHz",DirectX: 11,122 W,10.19,2012-11-07,$384.98 USD (2020-03-16)
Quadro K2200M,3893,124.95*,"NVIDIA Quadro K2200M, NVIDIA Quadro K2200M (Mobile)",NA,NA,NA,NA,NA,NA,240,31.16,$124.95 USD (2020-03-10)
GRID M60-8Q,3883,NA,NVIDIA GRID M60-8Q,NA,NA,NA,NA,NA,NA,NA,NAOverall Rank,NAOverall Rank
Radeon HD 8970M,3876,139.99*,Mobile,PCIe 3.0 x16,4096,850 MHz,1200 MHz,DirectX: 11.1,100 W,27.69,2014-04-28,$139.99 USD (2019-11-13)
GeForce GTX 570,3856,298.68*,Desktop,PCIe 2.0 x16,2560,732 MHz,3800 MHz,DirectX: 11,219 W,12.91,2012-08-14,$298.68 USD (2020-03-15)
FirePro W7170M,3849,NA,"AMD FirePro W7170M, AMD FirePro(TM) W7170M",NA,NA,NA,NA,NA,NA,NA,NAOverall Rank,NAOverall Rank
GRID P100-8Q,3841,NA,NVIDIA GRID P100-8Q,NA,NA,NA,NA,NA,NA,NA,NAOverall Rank,NAOverall Rank
GeForce GTX 965M,3831,NA,Mobile,PCIe 3.0 x16,4096,944 MHz,1253 MHz,DirectX: 12.0,60 W,NAOverall Rank,2015-01-22,NAOverall Rank
GRID M60-4Q,3831,NA,Workstation,NA,NA,NA,NA,NA,NA,NAOverall Rank,2016-04-23,NAOverall Rank
GeForce GTX 880M,3782,NA,Mobile,PCIe 3.0 x16,8192,993 MHz,11,OpenGL: 4.5,NA,NAOverall Rank,2014-03-08,NAOverall Rank
Radeon HD 7850,3720,75.00*,Desktop,PCIe 3.0 x16,2048,860 MHz,1200 MHz,DirectX: 11.2,130 W,49.61,2012-05-03,$75 USD (2020-03-13)
Quadro P620,3679,167.94,Workstation,PCI Express 3.0 x16,2048,1266 MHz,1003 MHz,DirectX: 12.0,40 W,21.91,2018-06-30,$167.94 USD (2020-10-26)
Radeon Pro 560X,3677,NA,Radeon Pro 560X,NA,NA,NA,NA,NA,NA,NA,NAOverall Rank,NAOverall Rank
Radeon RX 560,3643,129.99,Desktop,PCIe 3.0 x8,4096,1175 MHz,1750 MHz,DirectX: 12.0,80 W,28.03,2017-03-20,$129.99 USD (2020-08-24)
Radeon Pro WX 4100,3620,249.99,Desktop,PCIe 3.0 x8,4096,1125 MHz,6000 MHz,DirectX: 12,50 W,14.48,2017-03-04,$249.99 USD (2020-05-22)
Radeon HD 7970M,3619,NA,Mobile,PCIe 3.0 x16,4096,850 MHz,1200 MHz,DirectX: 11.1,75 W,NAOverall Rank,2012-06-30,NAOverall Rank
Radeon RX Vega M GL,3599,NA,Radeon RX Vega M GL Graphics,NA,NA,NA,NA,NA,NA,NA,NAOverall Rank,NAOverall Rank
Quadro M2000M,3586,279.95*,Mobile,PCIe 3.0 x16,4096,1253 MHz,12.1,OpenGL: 4.5,NA,NA,NA,Mobile
Quadro M1200,3571,NA,Mobile,4096 MB,1093,1253 MHz,12.0,OpenGL: 4.5,NA,NA,NA,Mobile
Quadro K2200,3570,123.18*,Workstation,PCIe 2.0 x16,4096,1000 MHz,"1250,(5000) MHz",DirectX: 11,68 W,28.99,2014-09-15,$123.18 USD (2020-03-13)
GeForce GTX 680M KY_Bullet Edition,3568,NA,NVIDIA GeForce GTX 680M KY_Bullet Edition,NA,NA,NA,NA,NA,NA,NA,NAOverall Rank,NAOverall Rank
GRID M6-8Q,3568,NA,NVIDIA GRID M6-8Q,NA,NA,NA,NA,NA,NA,NA,NAOverall Rank,NAOverall Rank
Radeon RX 560X,3520,NA,Desktop,PCIe 3.0 x8,4096,1175 MHz,1750 MHz,DirectX: 12.0,75 W,NAOverall Rank,2018-08-20,NAOverall Rank
Tesla C2050,3515,269.99*,NVIDIA Tesla C2050,NA,NA,NA,NA,NA,NA,262,13.02,$269.99 USD (2020-02-05)
Quadro 7000,3505,NA,Workstation,PCIe 2.0 x16,6144,651 MHz,3696 MHz,DirectX: 11,204 W,NAOverall Rank,2011-11-09,NAOverall Rank
GeForce GTX 960M,3500,"1,169.00*",Mobile,PCIe 3.0 x16,4096,1097 MHz,1253 MHz,DirectX: 12.0,65 W,2.99,2015-04-02,$1169 USD (2020-03-16)
Tesla M10,3490,"3,202.21*",NVIDIA Tesla M10,NA,NA,NA,NA,NA,NA,265,1.09,$3202.21 USD (2020-04-01)
FirePro M6100 FireGL V,3487,NA,AMD FirePro M6100 FireGL V,NA,NA,NA,NA,NA,NA,NA,NAOverall Rank,NAOverall Rank
Radeon Pro 560,3475,NA,"AMD Radeon Pro 560 (Bootcamp XG edition by bootcampdrivers.com), Radeon Pro 560",NA,NA,NA,NA,NA,NA,NA,NAOverall Rank,NAOverall Rank
FirePro W8000,3453,"1,048.99*",Workstation,PCIe 3.0 x16,4096,900 MHz,1375 MHz,DirectX: 11.1,189 W,3.29,2013-02-24,$1048.99 USD (2015-08-12)
Radeon Pro 460,3452,NA,AMD Radeon Pro 460,NA,NA,NA,NA,NA,NA,NA,NAOverall Rank,NAOverall Rank
GeForce GTX 870M,3450,NA,Mobile,PCIe 3.0 x16,6144,967 MHz,2500 MHz,DirectX: 11,110 W,NAOverall Rank,2014-03-09,NAOverall Rank
Quadro P600,3443,241.04*,Workstation,PCIe 3.0 x16,2048,1354 MHz,1752 MHz,DirectX: 12.0,40 W,14.29,2017-04-13,$241.04 USD (2020-03-10)
Tesla C2050 / C2070,3428,NA,Workstation,PCIe 2.0 x16,6144,1500 MHz,238 W,NA,NA,NAOverall Rank,2013-05-17,NAOverall Rank
GeForce GTX 750,3419,129.99*,Desktop,PCIe 3.0 x16,2048,1020 MHz,1250 MHz,DirectX: 12.0,55 W,26.31,2014-02-27,$129.99 USD (2019-10-22)
Radeon R9 M470X,3400,NA,Mobile,PCI-E 3.0 x16,4096,1500 MHz,12,OpenGL: 4.5,NA,NAOverall Rank,2016-09-15,NAOverall Rank
Radeon HD8970M,3368,NA,AMD Radeon(TM) HD8970M,NA,NA,NA,NA,NA,NA,NA,NAOverall Rank,NAOverall Rank
Radeon E8870PCIe,3368,NA,AMD Radeon E8870PCIe,NA,NA,NA,NA,NA,NA,NA,NAOverall Rank,NAOverall Rank
Tesla C2075,3364,340.50*,NVIDIA Tesla C2075,NA,NA,NA,NA,NA,NA,277,9.88,$340.5 USD (2020-03-16)
GRID P40-2B,3354,NA,NVIDIA GRID P40-2B,NA,NA,NA,NA,NA,NA,NA,NAOverall Rank,NAOverall Rank
GRID M10-1Q,3351,NA,NVIDIA GRID M10-1Q,NA,NA,NA,NA,NA,NA,NA,NAOverall Rank,NAOverall Rank
GeForce GTX 590,3339,184.00*,Desktop,PCIe 2.0 x16,3072,607 MHz,3414 MHz,DirectX: 11,365 W,18.15,2011-03-25,$184 USD (2015-05-05)
Radeon R9 M290X,3326,NA,Mobile,PCIe 3.0 x16,4096,850 MHz,1200 MHz,DirectX: 11.2,100 W,NAOverall Rank,2014-07-31,NAOverall Rank
Tesla C2070,3274,NA,Workstation,PCIe 2.0 x16,6144,575 MHz,3000 MHz,DirectX: 12,247 W,NAOverall Rank,2011-02-09,NAOverall Rank
GeForce GTX 860M,3247,NA,Mobile,PCIe 3.0 x16,2048,1085 MHz,2500 MHz,DirectX: 11.2,45 W,NAOverall Rank,2014-04-30,NAOverall Rank
GeForce 770M,3245,176.99*,NVIDIA GeForce 770M,NA,NA,NA,NA,NA,NA,284,18.34,$176.99 USD (2020-03-10)
GRID M10-4Q,3223,NA,NVIDIA GRID M10-4Q,NA,NA,NA,NA,NA,NA,NA,NAOverall Rank,NAOverall Rank
GeForce GTX 650 Ti BOOST,3223,NA,Desktop,PCIe 3.0 x16,2048,980 MHz,1502 MHz,DirectX: 11,134 W,NAOverall Rank,2013-04-05,NAOverall Rank
GeForce GTX 470,3216,522.01*,Desktop,PCIe 2.0 x16,1280,607 MHz,3348 MHz,DirectX: 11,215 W,6.16,2012-08-18,$522.01 USD (2015-05-13)
Intel Iris Xe,3200,NA,Intel(R) Iris(R) Xe Graphics,NA,NA,NA,NA,NA,NA,NA,NAOverall Rank,NAOverall Rank
GRID K520,3177,749.95*,Workstation,NA,NA,NA,NA,NA,NA,4.24,2013-11-30,$749.95 USD (2020-03-15)
GRID K2,3176,"4,188.39",Workstation,NA,NA,NA,NA,NA,NA,0.76,2013-08-12,$4188.39 USD (2020-10-25)
RadeonT RX 5500M,3165,NA,AMD RadeonT RX 5500M,NA,NA,NA,NA,NA,NA,NA,NAOverall Rank,NAOverall Rank
FirePro V7000,3161,NA,AMD FirePro V7000 (FireGL V) Graphics Adapter,NA,NA,NA,NA,NA,NA,NA,NAOverall Rank,NAOverall Rank
Radeon Pro 555,3140,NA,Radeon Pro 555,NA,NA,NA,NA,NA,NA,NA,NAOverall Rank,NAOverall Rank
Quadro K5000M,3132,389.25*,Workstation,PCIe 3.0 x16,4096,706 MHz,3000 MHz,DirectX: 11,100 W,8.05,2012-08-09,$389.25 USD (2019-03-09)
Radeon Pro 455,3112,449.00*,AMD Radeon Pro 455,NA,NA,NA,NA,NA,NA,295,6.93,$449 USD (2020-03-16)
Radeon R7 360,3095,125.00*,Desktop,PCIe 3.0 x16,2048,1050 MHz,1425 MHz,DirectX: 12,100 W,24.76,2015-06-30,$125 USD (2020-03-10)
Radeon HD 7790,3090,180.32*,Desktop,PCIe 3.0 x16,2048,1000 MHz,1500 MHz,DirectX: 11.2,85 W,17.14,2013-04-09,$180.32 USD (2020-03-10)
GeForce GTX 560 Ti,3067,81.60*,Desktop,PCIe 2.0 x16,2048,822 MHz,4008 MHz,DirectX: 11,170 W,37.59,2012-08-10,$81.6 USD (2020-03-16)
Radeon R7 260X,3064,132.28*,Desktop,PCIe 3.0 x16,2048,1100 MHz,6500 MHz,DirectX: 12,115 W,23.17,2013-10-28,$132.28 USD (2020-03-10)
Radeon R9 M380,3050,NA,Mobile,PCIe 3.0 x16,4096,1500 MHz,12.0,OpenGL: 4.3,NA,NAOverall Rank,2015-10-22,NAOverall Rank
Radeon R9 360,3031,519.00*,Desktop,PCIe 3.0 x16,2048,1000 MHz,12.0,OpenGL: 4.4,NA,5.84,2015-10-07,$519 USD (2016-11-29)
Radeon R9 260,3018,NA,AMD Radeon R9 260,NA,NA,NA,NA,NA,NA,NA,NAOverall Rank,NAOverall Rank
Quadro M1000M,3007,85.99*,Mobile,PCIe 3.0 x16,4096,993 MHz,1253 MHz,DirectX: 12.1,40 W,NA,NA,Mobile
FirePro W5000,2997,169.89*,Workstation,PCIe 3.0 x16,2048,825 MHz,800 MHz,DirectX: 11.1,75 W,17.65,2012-10-27,$169.89 USD (2020-03-10)
GeForce MX350,2996,NA,NVIDIA GeForce MX350 (Mobile),NA,NA,NA,NA,NA,NA,NA,NAOverall Rank,NAOverall Rank
GeForce GTX 680M,2942,135.99*,Mobile,PCIe 3.0 x16,4096,719 MHz,11,OpenGL: 4.5,NA,21.63,2012-07-23,$135.99 USD (2020-03-10)
GRID K260Q,2940,NA,Workstation,NA,NA,NA,NA,NA,NA,NAOverall Rank,2015-02-24,NAOverall Rank
Radeon HD 6990,2932,159.99*,Desktop,PCIe 2.1 x16,2048,830 MHz,1250 MHz,DirectX: 11,375 W,18.33,2011-03-23,$159.99 USD (2015-04-28)
Radeon HD 6970,2917,59.99*,Desktop,PCIe 2.1 x16,2048,880 MHz,1375 MHz,DirectX: 11,250 W,48.64,2012-08-20,$59.99 USD (2020-03-13)
FirePro W5100,2912,279.13*,Workstation,PCIe 3.0 x16,4096,930 MHz,1500 MHz,DirectX: 11.1/12,75 W,10.43,2014-11-14,$279.13 USD (2017-12-22)
Intel UHD P630,2911,NA,Intel(R) UHD Graphics P630,NA,NA,NA,NA,NA,NA,NA,NAOverall Rank,NAOverall Rank
P106-090,2898,NA,NVIDIA P106-090,NA,NA,NA,NA,NA,NA,NA,NAOverall Rank,NAOverall Rank
Radeon R7 260,2891,89.99*,Desktop,PCIe 3.0 x16,1024,1000 MHz,6000 MHz,DirectX: 12,95 W,32.13,2014-07-06,$89.99 USD (2015-01-03)
Quadro K5100M,2870,285.99*,Workstation,PCIe 3.0 x16,8192,771 MHz,"900,(3600) MHz",DirectX: 11,100 W,10.04,2014-01-21,$285.99 USD (2019-12-30)
Radeon Ryzen 7 PRO 4750G with,2867,NA,Radeon Graphics Ryzen 7 PRO 4750G with,NA,NA,NA,NA,NA,NA,NA,NAOverall Rank,NAOverall Rank
Quadro K1200,2860,190.89*,Workstation,PCIe 2.0 x16,4096,1250 MHz,12.0,OpenGL: 4.5,NA,14.99,2015-04-20,$190.89 USD (2020-03-14)
Quadro M620,2854,NA,Mobile,2048 MB,977,1253 MHz,12.0,OpenGL: 4.5,NA,NA,NA,Mobile
Radeon Pro V340 MxGPU,2853,NA,Radeon Pro V340 MxGPU,NA,NA,NA,NA,NA,NA,NA,NAOverall Rank,NAOverall Rank
GeForce GTX 465,2825,263.28*,Desktop,PCIe 2.0 x16,1024,607 MHz,3206 MHz,DirectX: 11,200 W,10.73,2012-08-19,$263.28 USD (2011-12-07)
Radeon Pro W5500M,2821,NA,Mobile,PCIe 4.0 x8,4096,1000 MHz,12000 MHz,DirectX: 12,85 W,NAOverall Rank,2020-01-12,NAOverall Rank
FirePro 3D V9800,2811,"2,499.00*",Workstation,PCIe 2.1 x16,4096,850 MHz,11502 MHz,DirectX: 11,225 W,1.13,2011-05-16,$2499 USD (2014-03-07)
Quadro 6000,2787,99.99,Workstation,PCIe 2.0 x16,6144,574 MHz,3000 MHz,DirectX: 11,204 W,27.88,2010-10-19,$99.99 USD (2020-10-25)
GeForce GTX 770M,2774,138.00*,Mobile,PCIe 3.0 x16,3072,797 MHz,1002 MHz,DirectX: 11,75 W,20.10,2013-06-10,$138 USD (2020-03-10)
Radeon Pro WX 3100,2772,NA,Workstation,PCIe 3.0 x16,4096,1219 MHz,1500 MHz,DirectX: 12,50 W,NAOverall Rank,2017-07-13,NAOverall Rank
Radeon Pro WX 7130,2762,NA,Mobile,PCIe 3.0 x16,8192,1188 MHz,5000 MHz,DirectX: 12,130 W,NAOverall Rank,2020-01-17,NAOverall Rank
FirePro W4300,2734,239.99*,Workstation,PCIe 3.0 x16,4096,930 MHz,1250 MHz,DirectX: 12,50 W,11.39,2016-02-03,$239.99 USD (2017-12-01)
Radeon HD 6950,2729,148.32*,Desktop,PCIe 2.1 x16,1024,800 MHz,1250 MHz,DirectX: 11.0,200 W,18.40,2012-08-16,$148.32 USD (2020-03-13)
FirePro V9800,2726,NA,"ATI FirePro V9800 (FireGL V), ATI FirePro V9800 (FireGL) Graphics Adapter",NA,NA,NA,NA,NA,NA,NA,NAOverall Rank,NAOverall Rank
GeForce MX330,2722,NA,NVIDIA GeForce MX330 (Mobile),NA,NA,NA,NA,NA,NA,NA,NAOverall Rank,NAOverall Rank
Radeon Pro 450,2722,NA,"AMD Radeon Pro 450, AMD Radeon Pro 450 (Bootcamp XG edition by bootcampdrivers.com)",NA,NA,NA,NA,NA,NA,NA,NAOverall Rank,NAOverall Rank
GeForce GTX 560,2709,294.48*,Desktop,PCIe 2.0 x16,1024,810 MHz,4008 MHz,DirectX: 11,150 W,9.20,2012-08-18,$294.48 USD (2020-07-26)
Barco MXRT 5500,2701,NA,"Barco MXRT 5500 (WDDM v1.1), Barco MXRT 5500 (WDDM)",NA,NA,NA,NA,NA,NA,NA,NAOverall Rank,NAOverall Rank
Quadro K4000,2682,175.99*,Workstation,PCIe 2.0 x16,3072,810.5 MHz,"1404,(5616) MHz",DirectX: 11,80 W,15.25,2012-11-17,$175.99 USD (2020-03-14)
GRID M10-2Q,2653,NA,NVIDIA GRID M10-2Q,NA,NA,NA,NA,NA,NA,NA,NAOverall Rank,NAOverall Rank
FirePro R5000,2646,109.99*,AMD FirePro R5000 (FireGL V),NA,NA,NA,NA,NA,NA,335,24.06,$109.99 USD (2018-07-28)
MONSTER GeForce GTX 675M,2637,NA,MONSTER NVIDIA GeForce GTX 675M,NA,NA,NA,NA,NA,NA,NA,NAOverall Rank,NAOverall Rank
GeForce GT 1030,2618,79.99,Desktop,PCIe 3.0 x4,2048,1227 MHz,1250 MHz,DirectX: 12.0,30 W,32.74,2017-05-25,$79.99 USD (2020-10-22)
GeForce GTX 950M,2615,567.00*,Mobile,PCIe 3.0 x16,2048,914 MHz,1000 MHz,DirectX: 12.0,75 W,4.61,2015-03-31,$567 USD (2020-03-14)
GRID M10-8Q,2606,NA,NVIDIA GRID M10-8Q,NA,NA,NA,NA,NA,NA,NA,NAOverall Rank,NAOverall Rank
GeForce GTX 850M,2594,NA,Mobile,PCIe 3.0 x16,2048,876 MHz,2500 MHz,DirectX: 11.2,40 W,NAOverall Rank,2014-05-13,NAOverall Rank
GeForce MX250,2586,NA,"NVIDIA GeForce MX250, NVIDIA GeForce MX250 (Mobile)",NA,NA,NA,NA,NA,NA,NA,NAOverall Rank,NAOverall Rank
Radeon Ryzen 7 PRO 4750GE with,2574,NA,Radeon Graphics Ryzen 7 PRO 4750GE with,NA,NA,NA,NA,NA,NA,NA,NAOverall Rank,NAOverall Rank
Radeon Pro WX 3200,2559,174.99,Mobile,PCIe 3.0 x8,4096,1295 MHz,4000 MHz,DirectX: 12,65 W,14.63,2019-11-25,$174.99 USD (2020-10-17)
GeForce GTX 650 Ti,2555,184.32*,Desktop,PCIe 3.0 x16,2048,928 MHz,1350 MHz,DirectX: 11,110 W,13.86,2012-10-14,$184.32 USD (2020-03-15)
Radeon HD 6850 X2,2534,NA,AMD Radeon HD 6850 X2,NA,NA,NA,NA,NA,NA,NA,NAOverall Rank,NAOverall Rank
FireStream 9370,2528,NA,Workstation,PCIe 2.1 x16,4096,825 MHz,1150 MHz,DirectX: 11,225 W,NAOverall Rank,2012-02-26,NAOverall Rank
N18E-Q1,2525,NA,NVIDIA N18E-Q1,NA,NA,NA,NA,NA,NA,NA,NAOverall Rank,NAOverall Rank
Radeon Ryzen 5 PRO 4650G with,2505,NA,Radeon Graphics Ryzen 5 PRO 4650G with,NA,NA,NA,NA,NA,NA,NA,NAOverall Rank,NAOverall Rank
Radeon Ryzen 7 4700GE with,2496,NA,Radeon Graphics Ryzen 7 4700GE with,NA,NA,NA,NA,NA,NA,NA,NAOverall Rank,NAOverall Rank
Radeon Ryzen 5 PRO 4650GE with,2470,NA,Radeon Graphics Ryzen 5 PRO 4650GE with,NA,NA,NA,NA,NA,NA,NA,NAOverall Rank,NAOverall Rank
Ryzen 5 Pro 4650G with Radeon Graphics,2452,NA,AMD Ryzen 5 Pro 4650G with Radeon Graphics,NA,NA,NA,NA,NA,NA,NA,NAOverall Rank,NAOverall Rank
FirePro 3D V8800,2437,424.99*,Workstation,PCIe 2.1 x16,2048,825 MHz,11502 MHz,DirectX: 11,208 W,5.74,2010-08-27,$424.99 USD (2014-03-19)
Radeon R9 M470,2435,NA,Mobile,PCIe 3.0 Ã—16,4096,1500 MHz,12,OpenGL: 4.5,NA,NAOverall Rank,2016-11-22,NAOverall Rank
GeForce GTX 950A,2432,NA,"NVIDIA GeForce GTX 950A, NVIDIA GeForce GTX 950A (Mobile)",NA,NA,NA,NA,NA,NA,NA,NAOverall Rank,NAOverall Rank
GRID M10-2B,2416,NA,NVIDIA GRID M10-2B,NA,NA,NA,NA,NA,NA,NA,NAOverall Rank,NAOverall Rank
Radeon RX 550,2415,64.99,Desktop,PCIe 3.0 x8,4096,1100 MHz,1750 MHz,DirectX: 12.0,50 W,37.17,2017-06-17,$64.99 USD (2020-10-22)
GeForce GTX 960A,2410,NA,NVIDIA GeForce GTX 960A,NA,NA,NA,NA,NA,NA,NA,NAOverall Rank,NAOverall Rank
Radeon RX Vega 11 PRD,2401,NA,AMD Radeon(TM) RX Vega 11 Graphics PRD,NA,NA,NA,NA,NA,NA,NA,NAOverall Rank,NAOverall Rank
GeForce GTX 485M,2400,NA,Mobile,PCIe 2.0 x16,2048,575 MHz,3000 MHz,DirectX: 11,100 W,NAOverall Rank,2011-01-19,NAOverall Rank
Ryzen 7 4800U with Radeon Graphics,2395,NA,AMD Ryzen 7 4800U with Radeon Graphics,NA,NA,NA,NA,NA,NA,NA,NAOverall Rank,NAOverall Rank
Quadro K4100M,2394,198.02*,Workstation,PCIe 3.0 x16,4096,706 MHz,"800,(3200) MHz",DirectX: 11,100 W,12.09,2013-12-05,$198.02 USD (2020-03-10)
Ryzen 7 4800H with Radeon Graphics,2370,NA,AMD Ryzen 7 4800H with Radeon Graphics,NA,NA,NA,NA,NA,NA,NA,NAOverall Rank,NAOverall Rank
Ryzen 7 Pro 4750G with Radeon Graphics,2367,NA,AMD Ryzen 7 Pro 4750G with Radeon Graphics,NA,NA,NA,NA,NA,NA,NA,NAOverall Rank,NAOverall Rank
GeForce MX150,2366,NA,Mobile,PCIe 3.0 x16,2048,1468 MHz,1502 MHz,DirectX: 12,25 W,NAOverall Rank,2017-07-28,NAOverall Rank
GRID K280Q,2362,NA,Workstation,NA,NA,NA,NA,NA,NA,NAOverall Rank,2015-02-24,NAOverall Rank
Radeon Ryzen 3 PRO 4350G with,2358,NA,Radeon Graphics Ryzen 3 PRO 4350G with,NA,NA,NA,NA,NA,NA,NA,NAOverall Rank,NAOverall Rank
Ryzen 5 4600G with Radeon Graphics,2337,NA,AMD Ryzen 5 4600G with Radeon Graphics,NA,NA,NA,NA,NA,NA,NA,NAOverall Rank,NAOverall Rank
Ryzen 7 Extreme Edition,2331,NA,AMD Ryzen 7 Extreme Edition,NA,NA,NA,NA,NA,NA,NA,NAOverall Rank,NAOverall Rank
Ryzen 3 PRO 4350GE with Radeon Graphics,2323,NA,AMD Ryzen 3 PRO 4350GE with Radeon Graphics,NA,NA,NA,NA,NA,NA,NA,NAOverall Rank,NAOverall Rank
Radeon Ryzen 3 PRO 4350GE with,2311,NA,Radeon Graphics Ryzen 3 PRO 4350GE with,NA,NA,NA,NA,NA,NA,NA,NAOverall Rank,NAOverall Rank
GRID M10-1B,2309,NA,NVIDIA GRID M10-1B,NA,NA,NA,NA,NA,NA,NA,NAOverall Rank,NAOverall Rank
Radeon Pro WX 4130,2303,NA,Mobile,PCIe 3.0 x8,4096,1002 MHz,6000 MHz,DirectX: 12,50 W,NAOverall Rank,2017-08-15,NAOverall Rank
Radeon HD 5970,2302,329.99*,Desktop,PCIe 2.1 x16,2048,"725,725 MHz","1000,1000 MHz",DirectX: 11,294 W,6.98,2012-08-11,$329.99 USD (2011-12-21)
GeForce GTX 460,2292,169.71*,Desktop,PCIe 2.0 x16,768,675 MHz,3600 MHz,DirectX: 11,150 W,13.51,2012-08-15,$169.71 USD (2020-03-10)
Quadro K3100M,2284,399.95*,Workstation,PCIe 3.0 x16,4096,680 MHz,"800,(3200) MHz",DirectX: 11,75 W,5.71,2013-11-06,$399.95 USD (2019-10-02)
GeForce GTX 580M,2279,248.68*,Mobile,PCIe 2.0 x16,2048,620 MHz,3000 MHz,DirectX: 11,100 W,9.17,2011-07-29,$248.68 USD (2020-03-10)
Quadro K620,2273,138.83*,Workstation,PCIe 2.0 x16,2048,1000 MHz,"900,(1800) MHz",DirectX: 11,45 W,16.37,2014-09-16,$138.83 USD (2020-03-16)
Radeon HD 6970M,2270,215.99*,Mobile,PCIe 2.1 x16,2048,680 MHz,900 MHz,DirectX: 11,75 W,10.51,2011-03-10,$215.99 USD (2020-03-13)
Radeon R7 250X,2268,260.70*,Desktop,PCIe 3.0 x16,2048,1000 MHz,1800 MHz,DirectX: 12,95 W,8.70,2015-08-15,$260.7 USD (2018-10-15)
Ryzen 3 Pro 4350G with Radeon Graphics,2240,NA,AMD Ryzen 3 Pro 4350G with Radeon Graphics,NA,NA,NA,NA,NA,NA,NA,NAOverall Rank,NAOverall Rank
Radeon HD 5870,2239,289.00*,Desktop,PCIe 2.1 x16,2048,"850,850 MHz","1200,1200 MHz",DirectX: 11,228 W,7.75,2012-08-18,$289 USD (2020-03-10)
Ryzen 5 4600H with Radeon Graphics,2231,NA,AMD Ryzen 5 4600H with Radeon Graphics,NA,NA,NA,NA,NA,NA,NA,NAOverall Rank,NAOverall Rank
FirePro V7900,2227,144.04*,Workstation,PCIe 2.1 x16,2048,725 MHz,12502 MHz,DirectX: 11,150 W,15.46,2011-09-21,$144.04 USD (2020-03-10)
Radeon Ryzen 5 4600H with,2225,NA,Radeon Graphics Ryzen 5 4600H with,NA,NA,NA,NA,NA,NA,NA,NAOverall Rank,NAOverall Rank
GRID P100-1B,2223,NA,NVIDIA GRID P100-1B,NA,NA,NA,NA,NA,NA,NA,NAOverall Rank,NAOverall Rank
Radeon HD 6870,2211,150.00*,Desktop,PCIe 2.1 x16,2048,900 MHz,1050 MHz,DirectX: 11,151 W,14.74,2012-08-13,$150 USD (2020-03-10)
GeForce GTX 745,2204,124.04*,Desktop,PCIe 3.0 x16,4096,1033 MHz,900 MHz,DirectX: 12.0,55 W,17.78,2014-03-22,$124.04 USD (2020-03-13)
Radeon Ryzen 7 4800U with,2204,NA,Radeon Graphics Ryzen 7 4800U with,NA,NA,NA,NA,NA,NA,NA,NAOverall Rank,NAOverall Rank
RadeonT R7 450,2184,NA,AMD RadeonT R7 450,NA,NA,NA,NA,NA,NA,NA,NAOverall Rank,NAOverall Rank
Ryzen 3 4300G with Radeon Graphics,2182,NA,AMD Ryzen 3 4300G with Radeon Graphics,NA,NA,NA,NA,NA,NA,NA,NAOverall Rank,NAOverall Rank
Quadro P520,2177,"1,499.00*","NVIDIA Quadro P520, NVIDIA Quadro P520 (Mobile)",NA,NA,NA,NA,NA,NA,391,1.45,$1499 USD (2020-03-16)
Intel Iris Pro P580,2168,NA,"Intel(R) Iris(R) Pro Graphics P580, Intel(R) Iris(TM) Pro Graphics P580",NA,NA,NA,NA,NA,NA,NA,NAOverall Rank,NAOverall Rank
Radeon HD 7770,2156,145.32*,Desktop,PCI Express 3.0 x16,2048,1020 MHz,1150 MHz,DirectX: 11.2,80 W,14.84,2012-06-13,$145.32 USD (2020-03-10)
GRID K240Q,2143,NA,Workstation,NA,NA,NA,NA,NA,NA,NAOverall Rank,2014-09-17,NAOverall Rank
Radeon RX Vega 11,2132,NA,Desktop,Integrated,1250,12.1,NA,NA,NA,NAOverall Rank,2018-02-05,NAOverall Rank
GeForce 945M,2130,NA,"NVIDIA GeForce 945M, NVIDIA GeForce 945M (Mobile)",NA,NA,NA,NA,NA,NA,NA,NAOverall Rank,NAOverall Rank
Intel Iris Pro 580,2114,NA,"Intel(R) Iris(R) Pro Graphics 580, Intel(R) Iris(TM) Pro Graphics 580",NA,NA,NA,NA,NA,NA,NA,NAOverall Rank,NAOverall Rank
Quadro K4000M,2108,599.99*,Workstation,PCIe 3.0 x16,4096,600 MHz,2800 MHz,DirectX: 11,100 W,3.51,2012-10-02,$599.99 USD (2019-07-22)
Radeon TM R9 A360,2105,NA,AMD Radeon TM R9 A360,NA,NA,NA,NA,NA,NA,NA,NAOverall Rank,NAOverall Rank
FirePro M5100,2102,NA,Workstation,PCIe 3.0 x16,2048,775 MHz,1125 MHz,DirectX: 11.2,NA,NAOverall Rank,2014-02-21,NAOverall Rank
FirePro V7800,2091,NA,ATI FirePro V7800 (FireGL V),NA,NA,NA,NA,NA,NA,NA,NAOverall Rank,NAOverall Rank
Radeon HD 8950,2089,NA,Desktop,PCIe 3.0 x16,3072,850 MHz,1250 MHz,DirectX: 11.1,225 W,NAOverall Rank,2014-08-09,NAOverall Rank
Ryzen 7 PRO 4750U with Radeon Graphics,2076,NA,AMD Ryzen 7 PRO 4750U with Radeon Graphics,NA,NA,NA,NA,NA,NA,NA,NAOverall Rank,NAOverall Rank
GRID M6-1Q,2069,NA,NVIDIA GRID M6-1Q,NA,NA,NA,NA,NA,NA,NA,NAOverall Rank,NAOverall Rank
Radeon R9 350,2062,103.85*,Desktop,PCIe 3.0 x16,2048,925 MHz,1125 MHz,DirectX: 12,60 W,19.86,2016-10-11,$103.85 USD (2019-11-10)
Quadro 5000M,2059,NA,Workstation,PCIe 2.0 x16,2048,405 MHz,2400 MHz,DirectX: 11,100 W,NAOverall Rank,2010-12-22,NAOverall Rank
GeForce GTX 480M,2050,NA,Mobile,PCIe 2.0 x16,2048,425 MHz,2400 MHz,DirectX: 11,100 W,NAOverall Rank,2010-07-01,NAOverall Rank
Ryzen 7 4700U with Radeon Graphics,2042,NA,AMD Ryzen 7 4700U with Radeon Graphics,NA,NA,NA,NA,NA,NA,NA,NAOverall Rank,NAOverall Rank
FirePro M6100,2026,NA,Workstation,PCIe 3.0 x16,2048,1075 MHz,1375 MHz,DirectX: 11.2,NA,NAOverall Rank,2013-09-17,NAOverall Rank
Intel UHD,2025,NA,Intel(R) UHD Graphics,NA,NA,NA,NA,NA,NA,NA,NAOverall Rank,NAOverall Rank
GeForce GTX 675M,2024,NA,Mobile,PCIe 2.0 x16,2048,632 MHz,11,OpenGL: 4.5,NA,NAOverall Rank,2012-05-02,NAOverall Rank
Radeon Ryzen 5 4600U with,2018,NA,Radeon Graphics Ryzen 5 4600U with,NA,NA,NA,NA,NA,NA,NA,NAOverall Rank,NAOverall Rank
GeForce GTX 460 v2,2011,199.99*,Desktop,PCIe 2.0 x16,1024,778 MHz,4008 MHz,DirectX: 11,160 W,10.06,2011-10-12,$199.99 USD (2011-10-14)
Radeon HD 6850,2010,165.32*,Desktop,PCIe 2.1 x16,1024,775 MHz,1000 MHz,DirectX: 11,127 W,12.16,2012-08-17,$165.32 USD (2020-03-13)
Ryzen 5 PRO 4500U with Radeon Graphics,2007,NA,AMD Ryzen 5 PRO 4500U with Radeon Graphics,NA,NA,NA,NA,NA,NA,NA,NAOverall Rank,NAOverall Rank
GeForce GT 645,2005,NA,NVIDIA GeForce GT 645,NA,NA,NA,NA,NA,NA,NA,NAOverall Rank,NAOverall Rank
Quadro 5010M,2000,235.95*,Workstation,PCIe 2.0 x16,4096,450 MHz,2600 MHz,DirectX: 11,100 W,8.48,2011-11-29,$235.95 USD (2018-01-29)
GeForce GTX 570M,1997,NA,Mobile,PCIe 2.0 x16,1536,575 MHz,3000 MHz,DirectX: 11,75 W,NAOverall Rank,2011-09-19,NAOverall Rank
Embedded Radeon E9173,1996,NA,AMD Embedded Radeon E9173,NA,NA,NA,NA,NA,NA,NA,NAOverall Rank,NAOverall Rank
Quadro 5000,1996,"2,314.99",Workstation,PCIe 2.0 x16,2560,513 MHz,3000 MHz,DirectX: 11,152 W,0.86,2010-09-03,$2314.99 USD (2020-10-25)
Ryzen 5 4600U with Radeon Graphics,1992,NA,AMD Ryzen 5 4600U with Radeon Graphics,NA,NA,NA,NA,NA,NA,NA,NAOverall Rank,NAOverall Rank
Radeon Pro WX 4150,1990,NA,Mobile,PCIe 3.0 x8,4096,1002 MHz,1500 MHz,DirectX: 12,50 W,NAOverall Rank,2017-07-20,NAOverall Rank
Radeon R7 + R7 350 Dual,1982,NA,AMD Radeon R7 Graphics + R7 350 Dual Graphics,NA,NA,NA,NA,NA,NA,NA,NAOverall Rank,NAOverall Rank
Radeon HD 5850,1973,79.99*,Desktop,PCIe 2.1 x16,2048,"725,725 MHz","1000,1000 MHz",DirectX: 11,151 W,24.67,2012-08-17,$79.99 USD (2015-05-11)
Radeon,1969,41.99,"AMD Radeon(TM) Graphics, Radeon Graphics",NA,NA,NA,NA,NA,NA,425,46.89,$41.99 USD (2020-10-14)
Radeon R7 + HD 7700 Dual,1962,NA,AMD Radeon R7 Graphics + HD 7700 Dual Graphics,NA,NA,NA,NA,NA,NA,NA,NAOverall Rank,NAOverall Rank
Radeon R9 M375X,1962,NA,Mobile,PCIe 3.0 x16,4096,1125 MHz,12.0,OpenGL: 4.3,NA,NAOverall Rank,2016-06-28,NAOverall Rank
GeForce MX230,1960,NA,"NVIDIA GeForce MX230, NVIDIA GeForce MX230 (Mobile)",NA,NA,NA,NA,NA,NA,NA,NAOverall Rank,NAOverall Rank
Radeon Ryzen 7 4700U with,1958,NA,Radeon Graphics Ryzen 7 4700U with,NA,NA,NA,NA,NA,NA,NA,NAOverall Rank,NAOverall Rank
Radeon HD 7660D + HD 7700 Dual,1958,NA,AMD Radeon HD 7660D + HD 7700 Dual Graphics,NA,NA,NA,NA,NA,NA,NA,NAOverall Rank,NAOverall Rank
GeForce GTX 765M,1956,NA,Mobile,PCIe 3.0 x16,2048,863 MHz,11,OpenGL: 4.5,NA,NAOverall Rank,2013-06-09,NAOverall Rank
Quadro M520,1955,NA,Mobile,2048 MB,1041,1253 MHz,12.0,OpenGL: 4.5,NA,NA,NA,Mobile
GeForce GTX 470M,1949,NA,Mobile,PCIe 2.0 x16,1536,550 MHz,2500 MHz,DirectX: 11,50 W,NAOverall Rank,2010-12-22,NAOverall Rank
GeForce GTX 645,1947,NA,Desktop,PCIe 3.0 x16,1024,823.5 MHz,1000 MHz,DirectX: 11,64 W,NAOverall Rank,2013-05-12,NAOverall Rank
GeForce GTX 460 SE,1943,159.99*,Desktop,PCIe 2.0 x16,1024,650 MHz,3400 MHz,DirectX: 11,150 W,12.14,2012-08-23,$159.99 USD (2012-01-15)
GeForce GTX 555,1935,NA,Desktop,PCIe 2.0 x16,1024,736 MHz,3828 MHz,DirectX: 11,150 W,NAOverall Rank,2012-02-18,NAOverall Rank
Quadro M600M,1932,102.99*,Mobile,PCIe 3.0 x16,2048,1253 MHz,12.1,OpenGL: 4.5,NA,NA,NA,Mobile
Radeon Ryzen 7 PRO 4750U with,1930,NA,Radeon Graphics Ryzen 7 PRO 4750U with,NA,NA,NA,NA,NA,NA,NA,NAOverall Rank,NAOverall Rank
Radeon RX 570X,1923,NA,Desktop,PCIe 3.0 x16,8192,1168 MHz,7000 MHz,DirectX: 12,120 W,NAOverall Rank,2020-01-11,NAOverall Rank
GeForce MX450,1923,NA,NVIDIA GeForce MX450 (Mobile),NA,NA,NA,NA,NA,NA,NA,NAOverall Rank,NAOverall Rank
GeForce MX130,1920,NA,"NVIDIA GeForce MX130, NVIDIA GeForce MX130 (Mobile)",NA,NA,NA,NA,NA,NA,NA,NAOverall Rank,NAOverall Rank
Radeon HD 7560D + 7700 Dual,1919,NA,AMD Radeon HD 7560D + 7700 Dual Graphics,NA,NA,NA,NA,NA,NA,NA,NAOverall Rank,NAOverall Rank
Radeon R7 450,1918,52.49*,Desktop,PCIe 3.0 x16,2048,1050 MHz,1125 MHz,DirectX: 12,65 W,36.55,2016-10-09,$52.49 USD (2020-03-13)
Radeon Ryzen 7 4800H with,1917,NA,Radeon Graphics Ryzen 7 4800H with,NA,NA,NA,NA,NA,NA,NA,NAOverall Rank,NAOverall Rank
Matrox C680 PCIe x16,1903,NA,Matrox C680 PCIe x16,NA,NA,NA,NA,NA,NA,NA,NAOverall Rank,NAOverall Rank
Radeon HD 7700-serie,1899,NA,AMD Radeon HD 7700-serie,NA,NA,NA,NA,NA,NA,NA,NAOverall Rank,NAOverall Rank
Radeon Vega 11,1896,NA,AMD Radeon(TM) Vega 11 Graphics,NA,NA,NA,NA,NA,NA,NA,NAOverall Rank,NAOverall Rank
Radeon HD 8670D + HD 7700 Dual,1892,NA,AMD Radeon HD 8670D + HD 7700 Dual Graphics,NA,NA,NA,NA,NA,NA,NA,NAOverall Rank,NAOverall Rank
Intel Iris Plus,1887,NA,Intel(R) Iris(R) Plus Graphics,NA,NA,NA,NA,NA,NA,NA,NAOverall Rank,NAOverall Rank
GeForce GTX 560 SE,1879,89.99*,Desktop,PCIe 2.0 x16,1024,736 MHz,3828 MHz,DirectX: 11,150 W,20.89,2012-08-21,$89.99 USD (2013-07-11)
FirePro 3D V7800,1867,599.99*,Workstation,PCIe 2.1 x16,2048,700 MHz,10002 MHz,DirectX: 11,138 W,3.11,2010-08-21,$599.99 USD (2014-03-07)
Radeon RX 540,1862,NA,Desktop,PCIe 3.0 x8,4096,1219 MHz,1500 MHz,DirectX: 12,NA,NAOverall Rank,2017-12-27,NAOverall Rank
GeForce 945A,1852,NA,NVIDIA GeForce 945A,NA,NA,NA,NA,NA,NA,NA,NAOverall Rank,NAOverall Rank
Ryzen 5 4500U with Radeon Graphics,1841,NA,AMD Ryzen 5 4500U with Radeon Graphics,NA,NA,NA,NA,NA,NA,NA,NAOverall Rank,NAOverall Rank
FirePro M5100 FireGL V,1839,NA,AMD FirePro M5100 FireGL V,NA,NA,NA,NA,NA,NA,NA,NAOverall Rank,NAOverall Rank
GRID M60-0B,1838,NA,NVIDIA GRID M60-0B,NA,NA,NA,NA,NA,NA,NA,NAOverall Rank,NAOverall Rank
Radeon HD 8570D + HD 7700 Dual,1834,NA,AMD Radeon HD 8570D + HD 7700 Dual Graphics,NA,NA,NA,NA,NA,NA,NA,NAOverall Rank,NAOverall Rank
RadeonT 540X,1829,NA,RadeonT 540X,NA,NA,NA,NA,NA,NA,NA,NAOverall Rank,NAOverall Rank
MxGPU,1826,NA,AMD MxGPU,NA,NA,NA,NA,NA,NA,NA,NAOverall Rank,NAOverall Rank
GeForce GTX 670MX,1823,NA,Mobile,PCIe 3.0 x16,3072,615 MHz,11,OpenGL: 4.5,NA,NAOverall Rank,2012-12-14,NAOverall Rank
FirePro M6000,1820,NA,Workstation,PCIe 3.0 x16,2048,800 MHz,1000 MHz,DirectX: 11.1,NA,NAOverall Rank,2012-10-29,NAOverall Rank
Radeon Ryzen 5 4500U with,1818,NA,Radeon Graphics Ryzen 5 4500U with,NA,NA,NA,NA,NA,NA,NA,NAOverall Rank,NAOverall Rank
Intel Iris Plus 645,1814,NA,Intel(R) Iris(R) Plus Graphics 645,NA,NA,NA,NA,NA,NA,NA,NAOverall Rank,NAOverall Rank
Matrox C900 PCIe x16,1812,NA,Matrox C900 PCIe x16,NA,NA,NA,NA,NA,NA,NA,NAOverall Rank,NAOverall Rank
Intel Iris Plus 655,1810,NA,Intel(R) Iris(R) Plus Graphics 655,NA,NA,NA,NA,NA,NA,NA,NAOverall Rank,NAOverall Rank
RadeonT RX 560X,1809,NA,RadeonT RX 560X,NA,NA,NA,NA,NA,NA,NA,NAOverall Rank,NAOverall Rank
Radeon HD 8870M / R9 M270X / M370X,1799,NA,"AMD Radeon HD 8870M / R9 M270X, AMD Radeon HD 8870M / R9 M270X / M370X",NA,NA,NA,NA,NA,NA,NA,NAOverall Rank,NAOverall Rank
Intel Iris 650,1794,NA,Intel(R) Iris(TM) Graphics 650,NA,NA,NA,NA,NA,NA,NA,NAOverall Rank,NAOverall Rank
Radeon R9 M360,1790,NA,AMD Radeon (TM) R9 M360,NA,NA,NA,NA,NA,NA,NA,NAOverall Rank,NAOverall Rank
Radeon HD 8670D + 7700 Dual,1788,NA,AMD Radeon HD 8670D + 7700 Dual Graphics,NA,NA,NA,NA,NA,NA,NA,NAOverall Rank,NAOverall Rank
Ryzen 5 PRO 4650U with Radeon Graphics,1779,NA,AMD Ryzen 5 PRO 4650U with Radeon Graphics,NA,NA,NA,NA,NA,NA,NA,NAOverall Rank,NAOverall Rank
Radeon HD 6900M,1776,NA,AMD Radeon HD 6900M,NA,NA,NA,NA,NA,NA,NA,NAOverall Rank,NAOverall Rank
GeForce GTX 650,1761,89.35*,Desktop,PCIe 3.0 x16,2048,1058 MHz,1250 MHz,DirectX: 11,64 W,19.71,2012-09-25,$89.35 USD (2020-03-13)
Radeon RX Vega11,1759,NA,AMD Radeon(TM) RX Vega11 Graphics,NA,NA,NA,NA,NA,NA,NA,NAOverall Rank,NAOverall Rank
Radeon R9 M385X,1759,NA,Mobile,PCIe 3.0 x16,1500,12.0,4.3,Max TDP: 75 W,NA,NAOverall Rank,2019-04-11,NAOverall Rank
Radeon Ryzen 5 PRO 4650U with,1757,NA,Radeon Graphics Ryzen 5 PRO 4650U with,NA,NA,NA,NA,NA,NA,NA,NAOverall Rank,NAOverall Rank
Radeon HD 5830,1746,159.99*,Desktop,PCIe 2.1 x16,1024,800 MHz,1000 MHz,DirectX: 11,175 W,10.92,2012-08-18,$159.99 USD (2011-12-29)
Quadro P500,1742,NA,"NVIDIA Quadro P500, NVIDIA Quadro P500 (Mobile)",NA,NA,NA,NA,NA,NA,NA,NAOverall Rank,NAOverall Rank
GeForce GTX 670M,1731,NA,Mobile,PCIe 2.0 x16,3072,620 MHz,11,OpenGL: 4.5,NA,NAOverall Rank,2012-05-02,NAOverall Rank
FirePro W600,1725,400.99*,Workstation,PCIe 3.0 x16,2048,750 MHz,1000 MHz,DirectX: 11.1,75 W,4.30,2013-01-18,$400.99 USD (2020-03-13)
Radeon HD 6790,1721,64.99*,Desktop,PCIe 2.1 x16,1024,840 MHz,1050 MHz,DirectX: 11,150 W,26.49,2011-04-20,$64.99 USD (2015-04-22)
FirePro W5130M,1699,NA,AMD FirePro W5130M,NA,NA,NA,NA,NA,NA,NA,NAOverall Rank,NAOverall Rank
Radeon RX 550X,1694,NA,Desktop,PCIe 3.0 x8,4096,1100 MHz,1500 MHz,DirectX: 12.0,50 W,NAOverall Rank,2019-04-14,NAOverall Rank
Radeon R7 M465X,1690,NA,AMD Radeon(TM) R7 M465X,NA,NA,NA,NA,NA,NA,NA,NAOverall Rank,NAOverall Rank
FirePro M4000 Mobility Pro,1688,NA,"AMD (ATI) FirePro M4000 (FireGL V) Mobility Pro Graphics, AMD FirePro M4000 Mobility Pro Graphics",NA,NA,NA,NA,NA,NA,NA,NAOverall Rank,NAOverall Rank
Radeon HD 7750,1668,144.99*,Desktop,PCIe 3.0 x16,4096,"800,900 MHz","800,1125 MHz",DirectX: 11.2,55 W,11.51,2012-06-20,$144.99 USD (2020-05-28)
Quadro P400,1662,117.99,Workstation,PCIe 3.0 x16,2048,1070 MHz,1752 MHz,DirectX: 12.1,30 W,14.09,2017-08-29,$117.99 USD (2020-10-09)
Radeon Vega 9,1660,NA,AMD Radeon(TM) Vega 9 Graphics,NA,NA,NA,NA,NA,NA,NA,NAOverall Rank,NAOverall Rank
Quadro K3000M,1657,155.00*,Workstation,PCIe 3.0 x16,2048,654 MHz,2800 MHz,DirectX: 11,75 W,10.69,2012-10-23,$155 USD (2017-04-01)
Radeon HD HD7850M,1651,NA,AMD Radeon HD HD7850M,NA,NA,NA,NA,NA,NA,NA,NAOverall Rank,NAOverall Rank
Quadro K2000D,1649,416.51*,Workstation,PCIe 2.0 x16,2048,954 MHz,"1000,(4000) MHz",DirectX: 11,51 W,3.96,2013-04-24,$416.51 USD (2020-09-27)
FirePro M4000,1644,NA,Workstation,PCIe 2.1 x16,2048,600 MHz,1000 MHz,DirectX: 11.1,NA,NAOverall Rank,2012-08-16,NAOverall Rank
Radeon Pro WX 2100,1644,NA,Mobile,PCIe 3.0 x8,2048,925 MHz,6000 MHz,DirectX: 12,35 W,NAOverall Rank,2017-08-11,NAOverall Rank
Radeon HD 8870M,1638,NA,Mobile,PCIe 3.0 x16,2048,725 MHz,"1000,1125 MHz",DirectX: 11.1,NA,NAOverall Rank,2014-03-14,NAOverall Rank
GeForce GTX 760M,1634,NA,Mobile,PCIe 3.0 x16,2048,719 MHz,11,OpenGL: 4.5,NA,NAOverall Rank,2013-08-22,NAOverall Rank
GeForce GT 755M,1629,NA,Mobile,PCIe 3.0 x16,2048,1020 MHz,11,OpenGL: 4.5,NA,NAOverall Rank,2013-09-14,NAOverall Rank
Ryzen 7 2700U with Radeon Vega,1617,NA,AMD Ryzen 7 2700U with Radeon Vega Graphics,NA,NA,NA,NA,NA,NA,NA,NAOverall Rank,NAOverall Rank
Seria Radeon HD 7700,1603,NA,Seria AMD Radeon HD 7700,NA,NA,NA,NA,NA,NA,NA,NAOverall Rank,NAOverall Rank
Radeon RX Vega 8,1586,NA,"AMD Radeon RX Vega 8 Graphics, Radeon RX Vega 8 Graphics",NA,NA,NA,NA,NA,NA,NA,NAOverall Rank,NAOverall Rank
Intel Iris Plus 650,1585,NA,Mobile,Integrated,32768,300 MHz,12,OpenGL: 4.4,NA,NAOverall Rank,2017-03-31,NAOverall Rank
Quadro K2000,1582,120.00*,Workstation,PCIe 2.0 x16,2048,954 MHz,"1000,(4000) MHz",DirectX: 11,51 W,13.18,2013-03-14,$120 USD (2020-03-10)
Ryzen 3 PRO 4450U with Radeon Graphics,1578,NA,AMD Ryzen 3 PRO 4450U with Radeon Graphics,NA,NA,NA,NA,NA,NA,NA,NAOverall Rank,NAOverall Rank
Radeon E8860,1577,NA,AMD Radeon E8860,NA,NA,NA,NA,NA,NA,NA,NAOverall Rank,NAOverall Rank
Radeon R9 M275X / M375,1574,NA,Mobile,PCIe 3.0 x16,4096,900 MHz,1125 MHz,DirectX: 11.2,50 W,NAOverall Rank,2014-12-11,NAOverall Rank
Radeon Vega 8,1572,126.86*,Desktop,Integrated,1100,12.1,4.6,NA,NA,NA,NA,Desktop
Radeon 550X,1564,NA,AMD Radeon 550X,NA,NA,NA,NA,NA,NA,NA,NAOverall Rank,NAOverall Rank
GeForce GTX 550 Ti,1564,131.28*,Desktop,PCIe 2.0 x16,3072,900 MHz,4104 MHz,DirectX: 11,116 W,11.91,2012-08-10,$131.28 USD (2020-03-14)
Intel UHD 630,1557,NA,Intel(R) UHD Graphics 630,NA,NA,NA,NA,NA,NA,NA,NAOverall Rank,NAOverall Rank
GeForce GTX 285,1555,179.99*,Desktop,PCIe 2.0 x16,1024,648 MHz,2484 MHz,DirectX: 10,204 W,8.64,2009-04-02,$179.99 USD (2011-06-23)
Radeon HD 7560D + HD 6670 Dual,1554,NA,AMD Radeon HD 7560D + HD 6670 Dual Graphics,NA,NA,NA,NA,NA,NA,NA,NAOverall Rank,NAOverall Rank
Radeon HD 8470D + HD 7500 Dual,1545,NA,AMD Radeon HD 8470D + HD 7500 Dual Graphics,NA,NA,NA,NA,NA,NA,NA,NAOverall Rank,NAOverall Rank
GeForce GT 740,1544,154.32*,Desktop,PCIe 3.0 x16,1024,993 MHz,1250 MHz,DirectX: 12.0,64 W,10.01,2014-06-01,$154.32 USD (2020-03-10)
Ryzen 3 PRO 4300U with Radeon Graphics,1542,NA,AMD Ryzen 3 PRO 4300U with Radeon Graphics,NA,NA,NA,NA,NA,NA,NA,NAOverall Rank,NAOverall Rank
Intel Iris Pro Graphics 6200,1541,NA,Intel(R) Iris(TM) Pro Graphics 6200,NA,NA,NA,NA,NA,NA,NA,NAOverall Rank,NAOverall Rank
FirePro V8700,1538,NA,ATI FirePro V8700 (FireGL),NA,NA,NA,NA,NA,NA,NA,NAOverall Rank,NAOverall Rank
Radeon Vega 10,1537,NA,AMD Radeon(TM) Vega 10 Graphics,NA,NA,NA,NA,NA,NA,NA,NAOverall Rank,NAOverall Rank
FirePro M6000 Mobility Pro,1529,NA,"AMD (ATI) FirePro M6000 (FireGL V) Mobility Pro Graphics, AMD FirePro M6000 Mobility Pro Graphics",NA,NA,NA,NA,NA,NA,NA,NAOverall Rank,NAOverall Rank
GeForce 940MX,1526,NA,"NVIDIA GeForce 940MX, NVIDIA GeForce 940MX (Mobile)",NA,NA,NA,NA,NA,NA,NA,NAOverall Rank,NAOverall Rank
Radeon RX Vega 10,1519,NA,AMD Radeon(TM) RX Vega 10 Graphics,NA,NA,NA,NA,NA,NA,NA,NAOverall Rank,NAOverall Rank
GeForce GTX 675MX,1512,NA,Mobile,PCIe 3.0 x16,4096,667 MHz,11,OpenGL: 4.5,NA,NAOverall Rank,2013-01-03,NAOverall Rank
FirePro W4100,1508,149.86*,Workstation,PCIe 3.0 x16,2048,630 MHz,1125 MHz,DirectX: 11.2,50 W,10.07,2014-11-01,$149.86 USD (2020-03-15)
Radeon HD 7870M,1507,NA,Mobile,PCIe 3.0 x16,2048,800 MHz,1000 MHz,DirectX: 11.1,45 W,NAOverall Rank,2012-12-12,NAOverall Rank
Ryzen 5 2500U with Radeon Vega,1503,NA,AMD Ryzen 5 2500U with Radeon Vega Graphics,NA,NA,NA,NA,NA,NA,NA,NAOverall Rank,NAOverall Rank
Radeon HD 4890,1499,109.99*,Desktop,PCIe 2.0 x16,2048,850 MHz,975 MHz,DirectX: 10.1,190 W,13.64,2012-08-17,$109.99 USD (2012-10-10)
Quadro 4000,1497,900.99,Workstation,PCIe 2.0 x16,2048,475 MHz,2800 MHz,DirectX: 11,142 W,1.66,2010-08-19,$900.99 USD (2020-10-25)
Radeon R7 FX-9830P RADEON,1492,NA,"AMD Radeon R7 Graphics FX-9830P RADEON , AMD Radeon(TM) R7 Graphics FX-9830P RADEON",NA,NA,NA,NA,NA,NA,NA,NAOverall Rank,NAOverall Rank
Radeon HD 6670 + 7660D Dual,1492,NA,AMD Radeon HD 6670 + 7660D Dual Graphics,NA,NA,NA,NA,NA,NA,NA,NAOverall Rank,NAOverall Rank
Radeon HD 7660D + HD 6670 Dual,1484,NA,AMD Radeon HD 7660D + HD 6670 Dual Graphics,NA,NA,NA,NA,NA,NA,NA,NAOverall Rank,NAOverall Rank
